aquifer_id,lat,lon,district,well_type,season,land_use,well_depth_m,water_table_depth_m,aquifer_thickness_m,transmissivity_m2_per_day,hydraulic_conductivity_m_per_day,tds_mg_per_L,nitrate_mg_per_L,fluoride_mg_per_L,pH,depletion_rate_m_per_year,years_depleting,aquifer_cluster,cluster_name
AQ0001,27.67,85.38,Kathmandu,deep_tube,wet,peri-urban,180.72,20.05,30.74,626.4,20.38,281.06,1.51,0.06,6.43,1.39,1,0,Moderate Stress
AQ0002,27.79,85.34,Lalitpur,deep_tube,wet,peri-urban,195.6,48.95,41.24,726.31,17.61,211.42,5.56,0.11,7.01,0.45,9,1,Critical Depletion Zone
AQ0003,27.75,85.28,Bhaktapur,shallow_tube,dry,urban,31.04,24.94,39.21,404.54,10.32,566.92,8.56,0.01,7.17,1.71,11,2,Moderate Stress
AQ0004,27.72,85.41,Lalitpur,shallow_tube,wet,agriculture,65.49,2.69,11.93,14.42,1.21,609.6,6.56,0.9,7.28,1.08,3,2,Moderate Stress
AQ0005,27.63,85.38,Bhaktapur,shallow_tube,wet,urban,60.6,22.64,11.72,199.7,17.05,733.92,2.39,0.72,7.84,1.5,13,2,Moderate Stress
AQ0006,27.63,85.24,Lalitpur,shallow_tube,dry,urban,84.62,16.32,17.07,174.69,10.24,648.84,8.75,0.71,6.54,1.62,10,2,Moderate Stress
AQ0007,27.61,85.44,Lalitpur,deep_tube,wet,peri-urban,208.73,58.51,21.25,525.95,24.75,729.1,3.19,0.46,7.82,0.38,4,1,Critical Depletion Zone
AQ0008,27.77,85.41,Bhaktapur,deep_tube,dry,urban,101.46,30.04,23.38,41.48,1.77,444.6,4.74,0.28,7.59,1.67,1,2,Moderate Stress
AQ0009,27.72,85.45,Kathmandu,deep_tube,wet,peri-urban,180.88,51.45,35.59,708.5,19.91,817.6,3.73,0.14,7.31,1.43,4,1,Critical Depletion Zone
AQ0010,27.74,85.39,Kathmandu,deep_tube,wet,peri-urban,106.22,7.49,7.55,237.4,31.44,150.0,1.46,0.26,7.6,0.64,13,0,Moderate Stress
AQ0011,27.6,85.36,Kathmandu,dug,wet,urban,6.84,3.49,6.56,43.56,6.64,871.68,8.05,0.34,7.02,1.58,1,2,Moderate Stress
AQ0012,27.79,85.31,Bhaktapur,deep_tube,wet,peri-urban,134.52,7.75,22.64,367.83,16.25,391.63,3.91,0.68,6.48,1.11,5,2,Moderate Stress
AQ0013,27.77,85.44,Bhaktapur,dug,dry,urban,5.15,9.76,36.37,143.89,3.96,381.45,3.49,0.49,7.53,1.08,5,2,Moderate Stress
AQ0014,27.64,85.43,Kathmandu,shallow_tube,wet,urban,40.47,20.79,13.7,290.95,21.23,485.63,3.51,0.08,7.25,1.63,14,2,Moderate Stress
AQ0015,27.64,85.21,Lalitpur,shallow_tube,dry,urban,65.16,21.61,33.87,636.73,18.8,597.5,3.47,0.03,7.48,2.06,11,0,Moderate Stress
AQ0016,27.64,85.21,Bhaktapur,shallow_tube,wet,agriculture,38.73,23.57,16.69,236.55,14.17,587.83,2.34,0.1,6.88,1.07,7,2,Moderate Stress
AQ0017,27.66,85.3,Kathmandu,deep_tube,wet,urban,187.92,8.77,44.87,801.35,17.86,711.02,6.7,0.38,8.01,1.86,14,1,Critical Depletion Zone
AQ0018,27.7,85.41,Lalitpur,dug,dry,urban,5.83,3.98,45.31,1358.69,29.99,477.07,8.72,0.84,7.37,1.94,8,0,Moderate Stress
AQ0019,27.69,85.46,Bhaktapur,shallow_tube,wet,urban,14.29,3.63,18.38,135.02,7.35,290.01,2.14,0.58,6.37,1.01,4,2,Moderate Stress
AQ0020,27.66,85.24,Kathmandu,dug,dry,peri-urban,8.49,2.27,15.35,26.55,1.73,600.75,1.25,0.72,7.1,1.43,7,2,Moderate Stress
AQ0021,27.72,85.35,Lalitpur,shallow_tube,dry,urban,34.29,7.28,23.51,678.47,28.86,482.62,6.58,0.43,7.71,1.03,4,0,Moderate Stress
AQ0022,27.63,85.3,Kathmandu,dug,dry,urban,6.03,4.8,15.82,311.1,19.66,601.74,8.56,0.33,7.79,2.12,3,2,Moderate Stress
AQ0023,27.66,85.45,Bhaktapur,shallow_tube,dry,urban,71.06,8.18,35.26,1050.59,29.8,360.12,4.61,0.11,7.19,1.25,6,0,Moderate Stress
AQ0024,27.67,85.42,Bhaktapur,shallow_tube,wet,urban,38.59,4.32,42.17,856.16,20.3,515.85,4.8,0.79,7.99,2.39,4,0,Moderate Stress
AQ0025,27.69,85.42,Bhaktapur,deep_tube,wet,peri-urban,106.79,13.38,35.29,959.7,27.2,396.02,3.98,0.71,6.74,1.16,14,0,Moderate Stress
AQ0026,27.76,85.32,Kathmandu,shallow_tube,wet,urban,42.4,5.39,42.1,626.92,14.89,150.0,4.19,0.16,7.02,2.08,3,2,Moderate Stress
AQ0027,27.64,85.31,Bhaktapur,shallow_tube,dry,urban,94.89,24.38,22.86,577.23,25.25,1046.86,2.21,0.47,8.0,1.17,9,1,Critical Depletion Zone
AQ0028,27.7,85.27,Bhaktapur,shallow_tube,dry,agriculture,67.04,19.46,12.03,367.31,30.52,852.77,6.41,0.44,7.99,0.64,5,0,Moderate Stress
AQ0029,27.72,85.21,Kathmandu,dug,wet,urban,7.7,9.68,38.21,745.0,19.5,417.4,7.01,0.57,7.57,1.85,13,0,Moderate Stress
AQ0030,27.61,85.42,Bhaktapur,deep_tube,dry,agriculture,175.87,28.63,21.22,145.27,6.85,465.8,5.48,0.85,7.92,0.97,14,2,Moderate Stress
AQ0031,27.72,85.41,Kathmandu,shallow_tube,wet,urban,26.31,8.4,35.21,341.2,9.69,553.54,7.93,0.53,6.38,0.98,7,2,Moderate Stress
AQ0032,27.63,85.46,Lalitpur,deep_tube,dry,peri-urban,150.2,48.7,17.18,127.52,7.42,704.38,4.38,0.49,7.93,1.45,12,1,Critical Depletion Zone
AQ0033,27.61,85.46,Kathmandu,deep_tube,wet,urban,190.11,22.27,8.66,77.74,8.98,693.84,3.65,0.05,6.84,2.31,14,1,Critical Depletion Zone
AQ0034,27.79,85.34,Kathmandu,shallow_tube,dry,urban,17.33,8.89,49.67,541.73,10.91,527.17,4.82,0.07,6.56,1.26,6,2,Moderate Stress
AQ0035,27.79,85.4,Kathmandu,deep_tube,dry,peri-urban,133.34,17.02,12.03,227.94,18.95,471.45,1.63,0.18,6.68,1.29,10,2,Moderate Stress
AQ0036,27.76,85.45,Lalitpur,shallow_tube,wet,peri-urban,33.42,4.98,49.48,990.16,20.01,539.29,1.65,0.04,7.04,0.92,5,0,Moderate Stress
AQ0037,27.66,85.42,Kathmandu,shallow_tube,wet,peri-urban,47.75,7.9,48.98,724.39,14.79,392.61,4.38,0.67,6.7,0.85,7,2,Moderate Stress
AQ0038,27.62,85.26,Lalitpur,deep_tube,wet,urban,217.64,23.9,40.72,851.03,20.9,429.05,8.87,0.65,6.84,1.33,11,1,Critical Depletion Zone
AQ0039,27.74,85.32,Kathmandu,shallow_tube,wet,peri-urban,14.21,17.5,34.67,126.13,3.64,647.53,5.81,0.13,6.47,1.0,6,2,Moderate Stress
AQ0040,27.69,85.23,Kathmandu,deep_tube,wet,peri-urban,162.24,7.5,31.0,119.0,3.84,603.16,4.14,0.75,6.79,1.18,10,2,Moderate Stress
AQ0041,27.62,85.45,Lalitpur,deep_tube,dry,urban,121.52,15.79,43.97,288.29,6.56,1188.3,3.47,0.15,7.34,1.5,2,1,Critical Depletion Zone
AQ0042,27.7,85.36,Lalitpur,shallow_tube,dry,peri-urban,97.3,20.61,18.02,319.96,17.75,181.38,1.53,0.28,7.08,1.06,13,2,Moderate Stress
AQ0043,27.61,85.26,Kathmandu,deep_tube,dry,peri-urban,113.6,12.23,26.05,206.26,7.92,370.85,5.06,0.23,6.89,1.14,13,2,Moderate Stress
AQ0044,27.78,85.37,Lalitpur,shallow_tube,wet,urban,45.13,9.88,32.87,333.97,10.16,150.0,6.63,0.34,7.69,2.01,13,2,Moderate Stress
AQ0045,27.65,85.36,Bhaktapur,dug,dry,urban,8.17,8.67,23.5,327.72,13.94,597.37,6.95,0.24,7.99,0.89,3,2,Moderate Stress
AQ0046,27.73,85.29,Lalitpur,deep_tube,dry,urban,184.55,12.68,24.24,660.46,27.25,417.12,8.25,0.45,7.71,2.26,2,0,Moderate Stress
AQ0047,27.66,85.23,Kathmandu,dug,wet,urban,5.96,1.01,19.86,28.77,1.45,794.8,7.63,0.37,6.86,1.58,12,2,Moderate Stress
AQ0048,27.7,85.37,Kathmandu,deep_tube,dry,urban,141.58,31.13,30.39,668.49,22.0,556.42,8.68,0.89,7.69,1.59,3,1,Critical Depletion Zone
AQ0049,27.71,85.34,Bhaktapur,shallow_tube,dry,urban,44.58,8.96,43.28,979.2,22.63,151.72,2.45,0.06,6.5,1.62,1,0,Moderate Stress
AQ0050,27.64,85.4,Kathmandu,deep_tube,wet,urban,131.71,35.55,14.07,377.37,26.82,661.26,7.98,0.14,6.46,2.73,8,1,Critical Depletion Zone
AQ0051,27.79,85.34,Bhaktapur,dug,wet,urban,4.44,8.08,47.05,1466.02,31.16,150.0,8.81,0.06,6.89,2.07,6,0,Moderate Stress
AQ0052,27.76,85.42,Lalitpur,deep_tube,wet,urban,157.96,11.68,36.01,59.46,1.65,667.02,4.29,0.57,7.82,0.96,13,2,Moderate Stress
AQ0053,27.79,85.34,Bhaktapur,dug,wet,peri-urban,4.88,5.89,42.05,251.12,5.97,150.0,4.2,0.06,6.69,0.87,2,2,Moderate Stress
AQ0054,27.78,85.35,Lalitpur,dug,dry,agriculture,5.01,5.15,30.03,890.43,29.65,457.23,3.88,0.75,6.33,1.19,8,0,Moderate Stress
AQ0055,27.72,85.43,Bhaktapur,shallow_tube,dry,urban,68.42,5.31,40.08,634.26,15.83,150.0,9.66,0.47,6.46,2.11,6,0,Moderate Stress
AQ0056,27.78,85.3,Kathmandu,shallow_tube,dry,agriculture,97.11,16.35,5.73,110.31,19.26,499.46,2.2,0.48,7.92,0.41,7,2,Moderate Stress
AQ0057,27.62,85.23,Lalitpur,deep_tube,wet,urban,172.44,19.32,41.83,938.51,22.44,921.91,6.64,0.51,7.47,1.65,11,1,Critical Depletion Zone
AQ0058,27.64,85.21,Kathmandu,deep_tube,wet,urban,109.24,31.32,6.81,156.25,22.96,785.32,3.33,0.16,6.71,1.64,1,1,Critical Depletion Zone
AQ0059,27.61,85.4,Kathmandu,dug,dry,urban,3.53,1.01,45.05,1402.12,31.13,237.36,7.7,0.19,7.31,2.13,7,0,Moderate Stress
AQ0060,27.67,85.36,Lalitpur,dug,dry,urban,9.66,4.7,49.64,1649.71,33.23,440.8,3.41,0.29,7.26,2.11,3,0,Moderate Stress
AQ0061,27.68,85.38,Bhaktapur,shallow_tube,wet,peri-urban,35.35,9.05,18.23,442.79,24.29,294.09,2.18,0.54,7.51,0.57,11,2,Moderate Stress
AQ0062,27.65,85.26,Bhaktapur,shallow_tube,dry,peri-urban,16.47,20.91,14.46,148.79,10.29,503.67,3.47,0.2,6.67,1.41,12,2,Moderate Stress
AQ0063,27.77,85.24,Lalitpur,deep_tube,dry,urban,171.89,7.19,39.44,1161.36,29.45,198.54,9.32,0.11,7.93,1.81,8,0,Moderate Stress
AQ0064,27.67,85.2,Kathmandu,shallow_tube,wet,urban,65.38,11.63,16.39,42.46,2.59,634.79,3.69,0.87,6.82,1.45,6,2,Moderate Stress
AQ0065,27.66,85.29,Kathmandu,dug,wet,urban,7.54,4.69,43.95,372.33,8.47,150.0,3.15,0.03,7.59,1.65,4,2,Moderate Stress
AQ0066,27.71,85.35,Lalitpur,deep_tube,dry,urban,132.09,44.6,9.63,288.99,30.02,720.03,8.07,0.72,6.23,2.36,11,1,Critical Depletion Zone
AQ0067,27.63,85.3,Kathmandu,deep_tube,wet,urban,101.81,36.16,10.67,99.04,9.28,663.95,6.0,0.71,6.95,2.13,8,1,Critical Depletion Zone
AQ0068,27.76,85.31,Kathmandu,shallow_tube,wet,urban,96.78,17.35,49.06,399.09,8.13,700.12,9.29,0.27,6.9,1.1,9,2,Moderate Stress
AQ0069,27.61,85.44,Kathmandu,deep_tube,wet,peri-urban,130.11,47.51,35.32,193.08,5.47,679.67,1.73,0.13,7.29,1.28,10,1,Critical Depletion Zone
AQ0070,27.8,85.29,Kathmandu,deep_tube,wet,agriculture,181.12,52.28,43.11,1240.62,28.78,641.72,5.88,0.14,6.35,0.74,2,1,Critical Depletion Zone
AQ0071,27.75,85.33,Kathmandu,deep_tube,dry,urban,184.8,21.58,19.59,336.41,17.17,418.77,3.86,0.63,7.78,1.02,6,2,Moderate Stress
AQ0072,27.64,85.4,Kathmandu,shallow_tube,dry,agriculture,64.12,14.37,35.44,808.84,22.82,583.48,2.94,0.58,6.64,0.97,5,0,Moderate Stress
AQ0073,27.6,85.3,Kathmandu,deep_tube,wet,urban,137.55,51.05,31.74,277.09,8.73,894.65,7.47,0.71,7.55,3.15,5,1,Critical Depletion Zone
AQ0074,27.76,85.36,Kathmandu,dug,dry,urban,4.9,9.9,32.14,819.94,25.51,383.14,6.75,0.84,7.81,1.43,10,0,Moderate Stress
AQ0075,27.74,85.42,Bhaktapur,shallow_tube,dry,urban,62.99,22.46,35.71,913.33,25.57,528.42,8.04,0.63,7.32,1.03,11,0,Moderate Stress
AQ0076,27.75,85.45,Kathmandu,shallow_tube,dry,urban,87.68,10.54,30.89,343.12,11.11,644.67,4.48,0.15,7.68,1.68,3,2,Moderate Stress
AQ0077,27.75,85.24,Kathmandu,shallow_tube,wet,agriculture,95.1,6.49,24.31,347.08,14.28,361.35,4.69,0.23,7.52,0.31,12,2,Moderate Stress
AQ0078,27.61,85.44,Lalitpur,deep_tube,wet,urban,112.71,31.41,17.42,135.5,7.78,696.44,5.24,0.76,6.91,2.7,8,1,Critical Depletion Zone
AQ0079,27.67,85.33,Kathmandu,deep_tube,dry,urban,118.58,45.53,39.59,1289.54,32.58,1289.31,9.87,0.2,7.82,1.67,14,1,Critical Depletion Zone
AQ0080,27.62,85.27,Bhaktapur,deep_tube,dry,urban,213.37,31.58,15.18,332.1,21.87,431.1,4.34,0.07,6.79,2.13,8,1,Critical Depletion Zone
AQ0081,27.77,85.32,Lalitpur,shallow_tube,wet,urban,75.76,13.11,36.16,1128.68,31.22,160.76,4.36,0.64,7.34,1.58,12,0,Moderate Stress
AQ0082,27.72,85.45,Kathmandu,shallow_tube,wet,peri-urban,89.24,21.28,15.5,167.55,10.81,569.51,2.77,0.37,7.69,0.5,5,2,Moderate Stress
AQ0083,27.67,85.33,Kathmandu,deep_tube,wet,urban,124.32,24.24,33.14,870.95,26.28,506.66,6.52,0.83,6.96,1.25,8,0,Moderate Stress
AQ0084,27.61,85.29,Bhaktapur,deep_tube,dry,urban,170.51,52.15,38.62,994.92,25.76,857.84,4.02,0.59,6.81,1.95,10,1,Critical Depletion Zone
AQ0085,27.66,85.36,Bhaktapur,dug,dry,urban,7.91,4.19,14.84,346.76,23.36,285.64,9.32,0.09,7.12,1.84,8,0,Moderate Stress
AQ0086,27.67,85.26,Kathmandu,shallow_tube,wet,urban,70.57,9.55,7.7,248.03,32.22,443.53,4.13,0.85,7.84,1.76,3,0,Moderate Stress
AQ0087,27.75,85.22,Lalitpur,deep_tube,wet,urban,148.98,29.42,10.89,149.52,13.72,1013.94,9.17,0.24,8.06,2.01,2,1,Critical Depletion Zone
AQ0088,27.73,85.23,Kathmandu,deep_tube,dry,urban,101.85,46.7,32.27,168.66,5.23,1027.4,2.83,0.31,7.29,3.14,9,1,Critical Depletion Zone
AQ0089,27.78,85.23,Bhaktapur,deep_tube,dry,urban,169.95,11.06,43.23,982.01,22.72,683.01,7.25,0.37,7.52,2.41,2,0,Moderate Stress
AQ0090,27.69,85.24,Kathmandu,deep_tube,wet,peri-urban,130.37,15.0,7.02,172.68,24.58,150.0,5.53,0.06,8.01,0.59,9,2,Moderate Stress
AQ0091,27.62,85.24,Bhaktapur,deep_tube,dry,peri-urban,154.03,57.28,38.04,745.28,19.59,542.58,1.84,0.45,6.4,0.46,4,1,Critical Depletion Zone
AQ0092,27.74,85.37,Lalitpur,dug,dry,peri-urban,9.7,1.92,20.36,156.5,7.69,150.0,5.84,0.12,6.66,0.66,12,2,Moderate Stress
AQ0093,27.75,85.25,Lalitpur,shallow_tube,wet,urban,44.71,15.06,26.53,459.32,17.31,388.7,5.62,0.37,7.62,2.32,13,2,Moderate Stress
AQ0094,27.71,85.29,Lalitpur,shallow_tube,dry,urban,85.26,15.32,46.8,519.19,11.09,744.58,9.57,0.32,7.85,2.45,2,1,Critical Depletion Zone
AQ0095,27.75,85.43,Kathmandu,deep_tube,wet,urban,122.62,31.42,19.94,295.52,14.82,817.58,7.41,0.7,7.91,2.53,10,1,Critical Depletion Zone
AQ0096,27.7,85.32,Kathmandu,deep_tube,dry,peri-urban,180.7,40.11,25.94,567.11,21.86,556.75,2.51,0.72,7.03,1.44,1,1,Critical Depletion Zone
AQ0097,27.7,85.37,Kathmandu,shallow_tube,dry,urban,97.88,7.29,5.62,140.93,25.1,468.4,3.51,0.15,6.38,1.52,4,2,Moderate Stress
AQ0098,27.69,85.24,Kathmandu,shallow_tube,dry,urban,17.37,14.71,8.67,73.79,8.51,409.34,4.43,0.34,7.08,0.82,9,2,Moderate Stress
AQ0099,27.61,85.25,Lalitpur,shallow_tube,dry,urban,8.77,10.56,16.64,234.67,14.11,546.55,2.74,0.34,6.66,1.55,12,2,Moderate Stress
AQ0100,27.62,85.21,Kathmandu,dug,wet,urban,6.04,6.68,6.25,60.68,9.7,620.02,3.15,0.14,6.78,0.88,9,2,Moderate Stress
AQ0101,27.61,85.24,Kathmandu,shallow_tube,dry,urban,16.52,5.25,33.41,248.0,7.42,150.0,2.84,0.72,7.74,1.72,4,2,Moderate Stress
AQ0102,27.73,85.27,Bhaktapur,shallow_tube,dry,urban,76.85,15.13,24.19,636.86,26.33,611.23,5.38,0.64,6.35,1.38,9,0,Moderate Stress
AQ0103,27.66,85.25,Bhaktapur,shallow_tube,wet,peri-urban,92.14,6.26,29.67,901.84,30.4,449.1,4.98,0.18,7.86,0.87,12,0,Moderate Stress
AQ0104,27.7,85.22,Bhaktapur,shallow_tube,dry,urban,47.93,8.41,12.86,166.79,12.97,401.07,3.13,0.34,7.06,1.84,6,2,Moderate Stress
AQ0105,27.78,85.23,Bhaktapur,shallow_tube,dry,urban,31.8,7.03,18.32,463.26,25.29,610.44,3.04,0.1,7.39,2.28,1,0,Moderate Stress
AQ0106,27.65,85.32,Kathmandu,deep_tube,wet,urban,152.13,14.24,34.87,1046.26,30.0,1105.32,7.15,0.57,6.38,1.93,10,1,Critical Depletion Zone
AQ0107,27.68,85.25,Kathmandu,shallow_tube,dry,urban,74.56,20.99,48.44,1373.62,28.36,589.04,3.58,0.12,6.87,1.54,13,0,Moderate Stress
AQ0108,27.75,85.29,Lalitpur,dug,dry,urban,3.06,3.0,7.27,50.23,6.91,508.66,2.78,0.89,6.38,2.19,14,2,Moderate Stress
AQ0109,27.65,85.33,Lalitpur,shallow_tube,wet,peri-urban,62.23,23.32,45.07,1438.55,31.92,285.63,1.83,0.7,8.12,1.39,6,0,Moderate Stress
AQ0110,27.62,85.38,Kathmandu,deep_tube,dry,urban,173.6,58.32,30.96,408.02,13.18,1019.41,9.39,0.36,7.81,1.52,9,1,Critical Depletion Zone
AQ0111,27.66,85.21,Bhaktapur,dug,wet,peri-urban,7.46,5.8,30.38,363.57,11.97,350.04,5.11,0.52,7.12,0.64,13,2,Moderate Stress
AQ0112,27.63,85.41,Kathmandu,deep_tube,wet,urban,129.04,12.01,27.51,83.05,3.02,559.05,4.83,0.82,6.65,0.88,2,2,Moderate Stress
AQ0113,27.79,85.36,Kathmandu,deep_tube,wet,urban,185.69,24.97,8.12,135.81,16.72,445.81,7.25,0.5,8.07,1.94,6,1,Critical Depletion Zone
AQ0114,27.76,85.22,Lalitpur,shallow_tube,dry,peri-urban,16.41,20.35,9.04,40.92,4.52,444.75,3.69,0.17,6.89,1.34,2,2,Moderate Stress
AQ0115,27.73,85.43,Lalitpur,shallow_tube,dry,urban,26.33,10.45,32.04,289.53,9.04,796.94,7.42,0.35,6.52,1.08,4,2,Moderate Stress
AQ0116,27.77,85.44,Lalitpur,deep_tube,wet,urban,205.3,8.87,20.34,228.82,11.25,578.46,7.46,0.76,7.33,2.18,8,1,Critical Depletion Zone
AQ0117,27.76,85.22,Kathmandu,dug,wet,urban,8.17,5.66,46.28,1256.52,27.15,648.96,7.03,0.58,8.09,2.25,13,0,Moderate Stress
AQ0118,27.64,85.27,Bhaktapur,deep_tube,dry,urban,101.65,51.33,23.3,682.76,29.31,865.87,4.13,0.59,6.21,2.71,7,1,Critical Depletion Zone
AQ0119,27.78,85.41,Kathmandu,deep_tube,wet,peri-urban,129.81,48.57,11.45,123.4,10.78,835.7,1.2,0.78,6.68,1.38,11,1,Critical Depletion Zone
AQ0120,27.71,85.39,Kathmandu,deep_tube,dry,urban,125.73,13.81,37.16,1068.96,28.76,593.92,5.64,0.81,8.08,1.35,12,0,Moderate Stress
AQ0121,27.76,85.25,Bhaktapur,deep_tube,dry,peri-urban,132.5,41.67,18.2,522.68,28.72,426.57,5.45,0.83,6.54,0.96,13,1,Critical Depletion Zone
AQ0122,27.78,85.25,Bhaktapur,shallow_tube,dry,peri-urban,30.78,7.07,28.65,736.89,25.72,334.42,3.85,0.09,6.43,0.36,9,0,Moderate Stress
AQ0123,27.66,85.3,Bhaktapur,deep_tube,dry,urban,107.5,16.22,36.4,209.06,5.74,363.86,8.66,0.49,7.34,0.87,7,2,Moderate Stress
AQ0124,27.62,85.33,Bhaktapur,dug,wet,agriculture,6.21,8.77,45.51,1061.36,23.32,361.08,7.95,0.67,7.92,0.92,1,0,Moderate Stress
AQ0125,27.65,85.36,Lalitpur,shallow_tube,dry,urban,75.41,7.74,40.65,1282.7,31.56,515.29,3.31,0.68,7.15,1.56,2,0,Moderate Stress
AQ0126,27.69,85.3,Lalitpur,deep_tube,dry,agriculture,172.81,18.74,35.44,817.47,23.07,646.87,6.15,0.55,8.19,0.46,6,0,Moderate Stress
AQ0127,27.76,85.32,Kathmandu,shallow_tube,dry,urban,69.9,2.02,35.58,417.12,11.72,182.3,7.39,0.16,7.56,1.12,7,2,Moderate Stress
AQ0128,27.77,85.39,Kathmandu,deep_tube,wet,urban,109.74,52.76,47.57,817.45,17.19,1138.37,9.84,0.72,6.35,2.14,3,1,Critical Depletion Zone
AQ0129,27.6,85.21,Kathmandu,shallow_tube,dry,urban,95.54,20.23,18.31,400.64,21.88,716.7,9.88,0.65,8.19,2.17,9,1,Critical Depletion Zone
AQ0130,27.7,85.27,Kathmandu,deep_tube,wet,urban,200.62,39.13,5.05,88.42,17.51,650.36,7.49,0.09,7.02,1.25,13,1,Critical Depletion Zone
AQ0131,27.68,85.39,Lalitpur,deep_tube,wet,urban,196.61,46.01,17.24,84.09,4.88,552.63,3.95,0.42,6.77,1.95,7,1,Critical Depletion Zone
AQ0132,27.64,85.43,Kathmandu,shallow_tube,wet,peri-urban,83.71,5.5,14.81,164.19,11.09,225.99,4.99,0.16,7.32,0.73,14,2,Moderate Stress
AQ0133,27.62,85.33,Kathmandu,deep_tube,dry,urban,211.93,29.67,34.78,937.19,26.94,607.47,2.86,0.31,6.81,1.35,6,1,Critical Depletion Zone
AQ0134,27.67,85.34,Kathmandu,deep_tube,dry,urban,165.31,23.67,33.52,967.05,28.85,659.31,8.25,0.03,6.37,2.44,13,1,Critical Depletion Zone
AQ0135,27.79,85.23,Lalitpur,dug,dry,peri-urban,4.4,1.12,31.71,172.46,5.44,150.0,5.55,0.37,6.2,1.07,6,2,Moderate Stress
AQ0136,27.66,85.32,Kathmandu,shallow_tube,dry,urban,64.74,13.18,5.73,182.21,31.79,150.0,5.06,0.5,7.1,0.84,1,0,Moderate Stress
AQ0137,27.7,85.34,Bhaktapur,shallow_tube,wet,agriculture,76.35,23.18,37.8,439.63,11.63,554.1,5.78,0.56,7.87,0.63,13,2,Moderate Stress
AQ0138,27.74,85.26,Kathmandu,shallow_tube,dry,peri-urban,75.89,2.92,19.56,438.41,22.41,168.09,3.15,0.6,7.34,1.35,5,2,Moderate Stress
AQ0139,27.67,85.27,Kathmandu,dug,wet,agriculture,6.65,3.06,34.93,883.98,25.31,557.3,4.63,0.75,8.2,0.5,10,0,Moderate Stress
AQ0140,27.79,85.3,Lalitpur,dug,dry,peri-urban,3.48,2.23,30.05,818.84,27.25,150.0,2.55,0.2,6.77,0.41,3,0,Moderate Stress
AQ0141,27.79,85.21,Bhaktapur,deep_tube,dry,urban,144.53,17.34,20.42,644.94,31.58,909.1,8.1,0.12,6.76,2.09,7,1,Critical Depletion Zone
AQ0142,27.65,85.28,Kathmandu,dug,dry,urban,9.45,9.1,11.06,122.92,11.12,150.0,9.49,0.77,6.52,1.83,10,2,Moderate Stress
AQ0143,27.7,85.25,Lalitpur,deep_tube,dry,peri-urban,170.13,30.21,9.25,265.98,28.76,764.35,5.7,0.15,6.53,0.98,3,1,Critical Depletion Zone
AQ0144,27.66,85.29,Lalitpur,deep_tube,wet,urban,164.6,30.11,42.42,223.03,5.26,656.26,3.4,0.88,6.77,1.18,5,1,Critical Depletion Zone
AQ0145,27.66,85.23,Kathmandu,shallow_tube,wet,urban,32.73,19.49,46.33,1102.43,23.8,766.85,9.0,0.76,7.79,1.86,7,0,Moderate Stress
AQ0146,27.61,85.43,Bhaktapur,deep_tube,dry,urban,144.21,12.65,34.24,855.69,24.99,542.48,7.9,0.46,8.01,1.15,14,0,Moderate Stress
AQ0147,27.72,85.35,Lalitpur,shallow_tube,wet,agriculture,90.37,13.21,9.65,221.21,22.91,759.98,3.52,0.88,8.15,0.7,3,2,Moderate Stress
AQ0148,27.7,85.38,Lalitpur,dug,wet,urban,7.67,4.41,23.09,211.47,9.16,366.67,2.54,0.1,6.66,1.73,13,2,Moderate Stress
AQ0149,27.61,85.41,Bhaktapur,deep_tube,wet,urban,194.49,37.43,37.8,1104.9,29.23,554.55,4.14,0.28,7.96,2.05,13,1,Critical Depletion Zone
AQ0150,27.66,85.33,Bhaktapur,deep_tube,dry,urban,154.52,59.98,40.09,258.98,6.46,1283.85,9.3,0.58,6.86,2.87,10,1,Critical Depletion Zone
AQ0151,27.78,85.22,Lalitpur,shallow_tube,wet,urban,65.98,19.7,10.32,28.22,2.73,574.28,7.07,0.32,6.43,0.93,2,2,Moderate Stress
AQ0152,27.65,85.34,Bhaktapur,shallow_tube,wet,urban,30.85,11.15,5.0,121.02,24.2,555.82,7.77,0.84,7.94,0.98,6,2,Moderate Stress
AQ0153,27.63,85.35,Lalitpur,shallow_tube,dry,urban,72.9,21.03,37.05,606.58,16.37,857.29,4.06,0.07,7.47,1.64,8,1,Critical Depletion Zone
AQ0154,27.7,85.39,Lalitpur,shallow_tube,dry,urban,47.34,5.93,21.05,598.87,28.45,252.87,7.76,0.5,6.53,1.07,4,0,Moderate Stress
AQ0155,27.8,85.31,Lalitpur,shallow_tube,wet,peri-urban,48.71,2.7,16.45,220.39,13.4,346.1,1.14,0.54,7.06,1.47,9,2,Moderate Stress
AQ0156,27.65,85.23,Lalitpur,dug,wet,urban,7.55,2.2,5.58,35.94,6.44,304.06,5.0,0.59,6.77,1.07,12,2,Moderate Stress
AQ0157,27.73,85.27,Kathmandu,deep_tube,wet,peri-urban,212.35,23.06,29.31,822.1,28.04,404.2,4.13,0.24,7.67,0.88,12,0,Moderate Stress
AQ0158,27.75,85.29,Bhaktapur,shallow_tube,wet,peri-urban,13.89,13.74,43.3,811.83,18.75,351.89,1.73,0.33,7.11,0.74,8,0,Moderate Stress
AQ0159,27.65,85.37,Bhaktapur,shallow_tube,wet,urban,83.88,16.15,48.09,342.3,7.12,261.44,8.58,0.76,8.18,1.89,7,2,Moderate Stress
AQ0160,27.75,85.35,Kathmandu,deep_tube,dry,urban,135.09,54.99,30.46,739.91,24.29,794.17,3.88,0.18,6.31,1.48,14,1,Critical Depletion Zone
AQ0161,27.67,85.29,Bhaktapur,deep_tube,dry,urban,153.27,32.55,28.15,493.37,17.53,995.73,7.22,0.75,6.91,2.0,7,1,Critical Depletion Zone
AQ0162,27.73,85.46,Kathmandu,deep_tube,dry,peri-urban,102.63,32.07,8.83,181.31,20.54,697.95,3.03,0.51,7.16,0.35,3,2,Moderate Stress
AQ0163,27.73,85.36,Kathmandu,dug,wet,urban,5.11,0.69,29.7,472.29,15.9,394.4,6.77,0.69,7.21,2.35,14,2,Moderate Stress
AQ0164,27.71,85.26,Lalitpur,deep_tube,dry,urban,160.32,5.96,22.1,614.24,27.79,508.18,2.86,0.65,6.83,2.22,6,0,Moderate Stress
AQ0165,27.62,85.23,Kathmandu,dug,wet,urban,3.39,5.6,32.32,899.25,27.82,397.17,2.14,0.19,7.66,1.31,13,0,Moderate Stress
AQ0166,27.77,85.24,Bhaktapur,dug,dry,urban,6.44,4.49,22.49,538.41,23.94,716.26,9.28,0.52,7.95,2.14,13,0,Moderate Stress
AQ0167,27.66,85.26,Bhaktapur,shallow_tube,dry,urban,93.29,21.3,15.81,69.71,4.41,572.94,4.16,0.78,8.08,0.85,5,2,Moderate Stress
AQ0168,27.64,85.24,Lalitpur,dug,wet,urban,3.74,1.77,9.27,260.8,28.12,464.12,8.56,0.39,7.81,2.44,1,0,Moderate Stress
AQ0169,27.61,85.25,Kathmandu,shallow_tube,dry,peri-urban,78.33,2.57,19.17,435.11,22.7,454.95,6.0,0.87,7.9,0.93,11,0,Moderate Stress
AQ0170,27.72,85.27,Kathmandu,dug,wet,urban,5.87,4.6,9.35,220.05,23.54,290.53,3.69,0.41,7.3,1.32,3,2,Moderate Stress
AQ0171,27.74,85.25,Lalitpur,shallow_tube,dry,urban,68.28,7.46,12.96,165.07,12.74,786.38,4.12,0.14,7.85,1.42,13,2,Moderate Stress
AQ0172,27.6,85.43,Bhaktapur,dug,wet,urban,4.82,0.69,49.43,1454.73,29.43,150.0,7.3,0.36,6.81,0.91,12,0,Moderate Stress
AQ0173,27.7,85.22,Lalitpur,dug,wet,peri-urban,4.12,7.3,24.98,610.97,24.45,598.94,5.83,0.86,7.0,1.49,1,0,Moderate Stress
AQ0174,27.65,85.34,Kathmandu,dug,dry,urban,4.12,1.29,28.93,134.27,4.64,338.4,9.33,0.29,6.83,0.87,4,2,Moderate Stress
AQ0175,27.73,85.31,Lalitpur,deep_tube,wet,peri-urban,108.46,38.07,44.31,628.57,14.18,532.12,3.51,0.78,7.13,1.09,10,1,Critical Depletion Zone
AQ0176,27.63,85.46,Lalitpur,shallow_tube,dry,urban,25.08,8.46,49.8,1477.07,29.66,150.0,8.36,0.79,6.77,1.55,3,0,Moderate Stress
AQ0177,27.74,85.23,Lalitpur,shallow_tube,wet,urban,69.11,5.99,31.22,78.87,2.53,368.95,3.09,0.32,8.12,2.41,11,2,Moderate Stress
AQ0178,27.68,85.3,Kathmandu,deep_tube,dry,urban,205.8,25.27,41.56,1333.53,32.09,444.7,9.82,0.08,6.83,1.22,4,0,Moderate Stress
AQ0179,27.79,85.45,Lalitpur,shallow_tube,dry,urban,82.9,20.43,19.71,452.59,22.96,482.8,9.71,0.65,6.4,1.7,9,0,Moderate Stress
AQ0180,27.63,85.43,Lalitpur,deep_tube,dry,urban,182.22,25.96,18.76,401.7,21.41,632.11,3.31,0.29,7.25,1.62,3,1,Critical Depletion Zone
AQ0181,27.67,85.41,Bhaktapur,shallow_tube,wet,urban,18.16,19.27,23.12,225.39,9.75,784.24,4.4,0.71,6.31,1.99,12,2,Moderate Stress
AQ0182,27.62,85.27,Kathmandu,dug,wet,peri-urban,5.02,1.43,35.26,318.93,9.04,255.82,1.5,0.4,6.42,0.38,6,2,Moderate Stress
AQ0183,27.78,85.24,Lalitpur,deep_tube,wet,urban,137.18,47.28,35.7,1123.07,31.46,934.29,4.17,0.44,6.64,1.46,6,1,Critical Depletion Zone
AQ0184,27.78,85.37,Bhaktapur,dug,wet,urban,4.75,2.52,19.19,204.22,10.64,206.12,8.53,0.7,7.13,2.05,7,2,Moderate Stress
AQ0185,27.65,85.44,Kathmandu,shallow_tube,dry,urban,55.38,17.58,10.99,286.68,26.07,399.65,5.03,0.35,7.07,1.12,9,2,Moderate Stress
AQ0186,27.73,85.34,Bhaktapur,dug,dry,urban,6.75,5.74,33.46,458.74,13.71,817.19,2.71,0.4,7.8,1.77,12,2,Moderate Stress
AQ0187,27.76,85.35,Lalitpur,dug,dry,urban,5.5,9.31,10.77,59.29,5.5,346.02,4.74,0.34,7.68,1.17,7,2,Moderate Stress
AQ0188,27.71,85.27,Kathmandu,deep_tube,dry,urban,142.45,25.69,31.03,41.78,1.35,988.14,9.85,0.34,7.05,2.26,14,1,Critical Depletion Zone
AQ0189,27.71,85.4,Kathmandu,deep_tube,dry,urban,199.43,7.71,36.2,673.31,18.6,428.44,7.04,0.48,6.87,2.4,1,0,Moderate Stress
AQ0190,27.65,85.25,Lalitpur,deep_tube,dry,urban,194.72,5.07,36.53,1188.98,32.55,451.18,5.33,0.73,6.83,1.68,8,0,Moderate Stress
AQ0191,27.62,85.28,Kathmandu,shallow_tube,wet,urban,36.32,21.02,38.91,503.27,12.94,824.25,3.33,0.33,7.75,1.4,5,2,Moderate Stress
AQ0192,27.78,85.31,Lalitpur,deep_tube,dry,urban,209.65,33.39,44.28,555.66,12.55,988.23,9.89,0.48,6.3,1.43,9,1,Critical Depletion Zone
AQ0193,27.78,85.33,Kathmandu,shallow_tube,dry,urban,95.66,19.83,27.5,333.43,12.13,576.14,8.57,0.61,6.23,1.26,10,2,Moderate Stress
AQ0194,27.73,85.26,Lalitpur,shallow_tube,dry,urban,38.06,7.39,37.86,675.1,17.83,396.27,4.25,0.25,7.79,1.91,13,0,Moderate Stress
AQ0195,27.67,85.23,Kathmandu,shallow_tube,wet,agriculture,40.61,9.94,32.86,501.1,15.25,488.19,2.42,0.26,7.15,0.73,12,2,Moderate Stress
AQ0196,27.67,85.36,Bhaktapur,shallow_tube,wet,urban,54.52,2.69,13.4,394.6,29.45,494.52,2.45,0.84,6.46,2.4,5,0,Moderate Stress
AQ0197,27.75,85.28,Bhaktapur,shallow_tube,wet,urban,94.58,24.11,6.16,106.78,17.35,819.4,2.96,0.65,6.67,1.47,5,1,Critical Depletion Zone
AQ0198,27.78,85.35,Bhaktapur,shallow_tube,dry,urban,88.62,17.36,17.8,310.11,17.42,574.46,6.65,0.52,8.07,1.98,12,2,Moderate Stress
AQ0199,27.78,85.24,Lalitpur,dug,dry,peri-urban,3.72,9.35,24.94,136.5,5.47,417.23,5.64,0.59,7.92,0.89,12,2,Moderate Stress
AQ0200,27.76,85.33,Kathmandu,deep_tube,wet,peri-urban,147.13,18.87,32.77,1074.04,32.78,716.35,3.48,0.04,7.62,0.92,14,0,Moderate Stress
AQ0201,27.73,85.34,Lalitpur,dug,dry,urban,6.87,6.19,43.25,392.8,9.08,538.19,8.74,0.56,7.16,1.26,2,2,Moderate Stress
AQ0202,27.62,85.21,Kathmandu,deep_tube,wet,agriculture,160.38,42.0,13.83,46.64,3.37,882.29,4.68,0.46,7.24,0.65,12,1,Critical Depletion Zone
AQ0203,27.63,85.29,Kathmandu,shallow_tube,wet,urban,25.84,9.3,10.65,239.0,22.44,189.25,7.67,0.5,8.15,1.6,11,2,Moderate Stress
AQ0204,27.78,85.23,Kathmandu,deep_tube,wet,urban,203.06,51.49,48.36,979.23,20.25,388.8,7.85,0.33,8.13,2.77,3,1,Critical Depletion Zone
AQ0205,27.72,85.22,Kathmandu,deep_tube,dry,peri-urban,181.23,57.04,9.86,142.24,14.42,848.09,1.87,0.08,6.63,0.7,10,1,Critical Depletion Zone
AQ0206,27.6,85.46,Lalitpur,shallow_tube,dry,peri-urban,85.09,22.35,26.53,388.72,14.65,404.55,2.81,0.18,7.82,0.35,9,2,Moderate Stress
AQ0207,27.62,85.28,Lalitpur,deep_tube,wet,urban,203.05,45.39,31.35,827.14,26.38,750.92,7.1,0.86,6.59,2.17,7,1,Critical Depletion Zone
AQ0208,27.73,85.41,Kathmandu,shallow_tube,dry,urban,76.85,8.38,29.36,215.16,7.33,532.52,2.57,0.37,6.63,1.09,1,2,Moderate Stress
AQ0209,27.6,85.27,Kathmandu,deep_tube,wet,urban,152.71,19.77,8.87,244.16,27.52,585.62,4.89,0.43,7.55,2.09,3,1,Critical Depletion Zone
AQ0210,27.63,85.38,Bhaktapur,deep_tube,dry,urban,173.27,57.95,7.57,166.28,21.98,1205.04,6.28,0.06,7.01,3.24,12,1,Critical Depletion Zone
AQ0211,27.71,85.4,Kathmandu,shallow_tube,dry,peri-urban,22.75,2.24,9.75,141.78,14.55,239.59,5.98,0.04,8.06,0.54,2,2,Moderate Stress
AQ0212,27.74,85.35,Kathmandu,shallow_tube,dry,urban,69.98,18.47,31.35,495.65,15.81,435.31,5.8,0.65,6.38,2.29,1,2,Moderate Stress
AQ0213,27.73,85.32,Kathmandu,deep_tube,wet,urban,121.51,43.55,29.5,274.26,9.3,1033.53,8.53,0.49,7.22,2.47,9,1,Critical Depletion Zone
AQ0214,27.64,85.31,Lalitpur,deep_tube,dry,urban,183.27,38.87,15.52,392.9,25.32,745.28,5.46,0.46,8.04,2.43,8,1,Critical Depletion Zone
AQ0215,27.74,85.29,Lalitpur,shallow_tube,dry,urban,29.12,24.77,33.7,592.54,17.58,753.03,8.37,0.23,8.01,1.62,5,0,Moderate Stress
AQ0216,27.65,85.44,Kathmandu,dug,wet,urban,3.82,3.26,41.9,476.62,11.37,337.08,6.76,0.67,6.51,1.43,11,2,Moderate Stress
AQ0217,27.67,85.42,Kathmandu,shallow_tube,dry,urban,23.21,9.82,6.87,139.29,20.27,368.23,9.09,0.16,6.93,1.64,12,2,Moderate Stress
AQ0218,27.75,85.45,Lalitpur,deep_tube,wet,agriculture,100.24,8.42,27.42,910.08,33.2,501.04,4.47,0.18,7.44,0.78,2,0,Moderate Stress
AQ0219,27.73,85.23,Lalitpur,dug,dry,peri-urban,8.03,4.54,36.02,542.93,15.07,247.96,4.02,0.42,6.52,0.53,1,2,Moderate Stress
AQ0220,27.77,85.39,Kathmandu,shallow_tube,wet,urban,75.38,8.0,16.35,503.2,30.77,576.01,7.04,0.26,8.14,2.33,7,0,Moderate Stress
AQ0221,27.73,85.44,Bhaktapur,shallow_tube,dry,peri-urban,55.37,9.9,18.85,229.13,12.16,245.25,3.09,0.23,8.03,1.11,13,2,Moderate Stress
AQ0222,27.71,85.25,Kathmandu,shallow_tube,dry,peri-urban,22.85,21.2,32.61,90.33,2.77,150.0,1.72,0.58,6.53,1.06,11,2,Moderate Stress
AQ0223,27.62,85.22,Kathmandu,shallow_tube,wet,peri-urban,15.69,23.52,45.41,345.27,7.6,348.61,1.47,0.59,6.44,0.42,11,2,Moderate Stress
AQ0224,27.67,85.39,Bhaktapur,shallow_tube,wet,urban,9.76,6.27,41.45,602.54,14.54,621.48,2.13,0.74,6.37,1.83,2,2,Moderate Stress
AQ0225,27.65,85.35,Kathmandu,deep_tube,wet,urban,119.89,24.86,31.24,253.1,8.1,589.13,8.99,0.38,8.02,1.01,1,2,Moderate Stress
AQ0226,27.65,85.42,Lalitpur,shallow_tube,wet,urban,89.96,23.36,37.86,38.14,1.01,584.31,3.89,0.08,6.59,0.93,2,2,Moderate Stress
AQ0227,27.79,85.24,Kathmandu,deep_tube,wet,urban,128.98,7.46,21.42,655.04,30.59,671.89,3.69,0.25,7.03,1.7,7,0,Moderate Stress
AQ0228,27.68,85.41,Kathmandu,dug,dry,urban,5.48,1.11,33.84,957.28,28.29,268.66,7.89,0.88,7.1,1.48,7,0,Moderate Stress
AQ0229,27.78,85.25,Bhaktapur,dug,wet,urban,3.74,1.8,25.98,649.47,25.0,150.0,4.56,0.54,7.4,1.8,10,0,Moderate Stress
AQ0230,27.73,85.24,Kathmandu,deep_tube,wet,urban,126.68,37.33,13.55,87.05,6.43,741.19,6.05,0.64,6.34,1.41,6,1,Critical Depletion Zone
AQ0231,27.76,85.24,Bhaktapur,shallow_tube,dry,peri-urban,55.77,5.46,36.58,178.93,4.89,157.77,1.81,0.02,6.65,0.51,5,2,Moderate Stress
AQ0232,27.7,85.41,Kathmandu,deep_tube,wet,urban,172.93,58.21,30.04,95.71,3.19,788.87,9.68,0.47,8.06,3.01,3,1,Critical Depletion Zone
AQ0233,27.72,85.37,Kathmandu,deep_tube,dry,urban,129.44,29.02,21.14,515.98,24.41,655.08,8.81,0.04,8.02,1.97,14,1,Critical Depletion Zone
AQ0234,27.7,85.34,Kathmandu,deep_tube,dry,agriculture,106.93,32.09,46.01,1427.77,31.03,819.15,7.18,0.52,7.76,0.53,12,0,Moderate Stress
AQ0235,27.64,85.29,Lalitpur,shallow_tube,dry,agriculture,43.98,7.67,5.94,88.66,14.92,474.87,4.44,0.83,6.24,0.29,3,2,Moderate Stress
AQ0236,27.74,85.43,Kathmandu,dug,dry,peri-urban,4.64,4.82,19.21,93.21,4.85,309.55,4.81,0.87,6.85,1.47,11,2,Moderate Stress
AQ0237,27.66,85.3,Bhaktapur,deep_tube,dry,agriculture,126.35,41.07,7.56,132.8,17.57,1173.35,2.86,0.49,7.46,0.49,13,1,Critical Depletion Zone
AQ0238,27.6,85.41,Kathmandu,shallow_tube,wet,urban,96.31,19.28,39.49,484.94,12.28,524.19,2.07,0.42,6.75,1.52,12,2,Moderate Stress
AQ0239,27.73,85.31,Bhaktapur,shallow_tube,wet,agriculture,64.7,19.34,36.59,480.1,13.12,649.06,2.12,0.85,8.02,0.85,9,2,Moderate Stress
AQ0240,27.64,85.3,Kathmandu,deep_tube,wet,urban,166.83,36.36,19.91,419.91,21.09,661.78,6.69,0.61,7.47,1.53,4,1,Critical Depletion Zone
AQ0241,27.79,85.32,Bhaktapur,dug,dry,urban,5.91,9.06,35.4,858.16,24.24,321.36,5.64,0.07,6.34,1.71,9,0,Moderate Stress
AQ0242,27.79,85.28,Lalitpur,deep_tube,wet,urban,151.47,49.77,22.82,104.42,4.58,780.77,6.14,0.42,8.02,1.51,4,1,Critical Depletion Zone
AQ0243,27.78,85.39,Lalitpur,deep_tube,dry,urban,164.91,46.39,39.03,83.95,2.15,768.2,2.06,0.22,8.12,1.81,2,1,Critical Depletion Zone
AQ0244,27.67,85.33,Bhaktapur,shallow_tube,dry,urban,72.07,3.28,25.44,843.28,33.15,504.68,5.38,0.43,6.36,1.97,4,0,Moderate Stress
AQ0245,27.6,85.26,Lalitpur,deep_tube,dry,urban,184.26,4.39,23.55,200.78,8.52,913.67,7.74,0.42,7.26,1.22,6,1,Critical Depletion Zone
AQ0246,27.79,85.43,Lalitpur,deep_tube,dry,peri-urban,120.6,15.9,47.06,128.98,2.74,215.76,3.21,0.53,6.81,0.38,6,2,Moderate Stress
AQ0247,27.69,85.3,Kathmandu,shallow_tube,wet,urban,54.01,17.26,16.29,116.3,7.14,489.29,7.86,0.33,6.99,1.97,5,2,Moderate Stress
AQ0248,27.79,85.34,Kathmandu,shallow_tube,dry,urban,45.9,11.46,10.42,23.55,2.26,501.95,3.86,0.16,6.56,1.77,1,2,Moderate Stress
AQ0249,27.79,85.44,Bhaktapur,deep_tube,dry,peri-urban,204.46,26.53,31.3,427.89,13.67,544.51,5.07,0.46,7.36,0.79,3,1,Critical Depletion Zone
AQ0250,27.77,85.36,Lalitpur,shallow_tube,wet,urban,66.09,22.35,48.62,1310.02,26.94,676.17,6.71,0.75,8.12,1.42,5,0,Moderate Stress
AQ0251,27.66,85.23,Lalitpur,deep_tube,wet,urban,163.9,54.15,22.0,264.77,12.03,1198.33,3.69,0.6,7.21,1.77,6,1,Critical Depletion Zone
AQ0252,27.68,85.44,Kathmandu,shallow_tube,dry,urban,18.62,22.91,7.79,119.69,15.36,150.0,3.89,0.31,6.37,2.45,14,2,Moderate Stress
AQ0253,27.77,85.36,Kathmandu,shallow_tube,dry,urban,63.72,9.22,20.27,463.02,22.84,150.0,7.02,0.84,7.44,1.1,1,0,Moderate Stress
AQ0254,27.66,85.29,Kathmandu,shallow_tube,dry,urban,18.78,17.89,27.77,484.65,17.45,479.77,8.64,0.82,6.88,1.82,14,2,Moderate Stress
AQ0255,27.63,85.24,Lalitpur,dug,dry,agriculture,5.36,2.86,12.29,354.51,28.85,648.08,4.49,0.2,7.91,0.62,14,0,Moderate Stress
AQ0256,27.71,85.41,Kathmandu,dug,dry,urban,4.0,2.07,34.61,1003.89,29.0,150.0,4.07,0.05,7.07,1.56,9,0,Moderate Stress
AQ0257,27.79,85.36,Kathmandu,dug,dry,urban,7.84,2.01,49.9,65.89,1.32,150.0,8.94,0.67,6.59,1.23,14,2,Moderate Stress
AQ0258,27.74,85.34,Kathmandu,deep_tube,wet,peri-urban,124.75,23.16,25.33,662.51,26.16,545.82,4.35,0.75,6.58,1.29,3,0,Moderate Stress
AQ0259,27.71,85.43,Kathmandu,shallow_tube,wet,peri-urban,44.05,11.89,20.96,333.25,15.9,367.62,3.24,0.87,7.74,0.88,10,2,Moderate Stress
AQ0260,27.62,85.41,Lalitpur,deep_tube,wet,urban,207.48,50.53,23.03,759.41,32.97,687.29,5.9,0.8,6.73,2.11,13,1,Critical Depletion Zone
AQ0261,27.72,85.24,Kathmandu,deep_tube,dry,urban,124.52,10.71,10.18,169.26,16.62,310.03,3.63,0.54,7.73,1.11,3,2,Moderate Stress
AQ0262,27.8,85.28,Lalitpur,dug,dry,urban,6.55,7.4,44.75,1472.62,32.91,280.07,7.01,0.48,6.61,0.95,11,0,Moderate Stress
AQ0263,27.63,85.26,Kathmandu,shallow_tube,dry,urban,46.57,14.22,23.67,601.09,25.4,564.34,4.87,0.03,6.84,2.01,2,0,Moderate Stress
AQ0264,27.7,85.39,Kathmandu,deep_tube,wet,urban,102.17,20.12,22.43,202.7,9.04,475.99,9.97,0.23,7.13,1.13,8,2,Moderate Stress
AQ0265,27.78,85.21,Kathmandu,shallow_tube,dry,urban,80.93,13.33,34.69,638.5,18.41,632.16,5.84,0.42,8.09,1.97,13,0,Moderate Stress
AQ0266,27.75,85.35,Kathmandu,shallow_tube,dry,agriculture,14.35,8.9,24.89,823.39,33.08,150.0,4.92,0.57,8.06,0.59,3,0,Moderate Stress
AQ0267,27.74,85.4,Kathmandu,deep_tube,dry,urban,156.91,37.38,34.17,981.61,28.73,602.44,6.53,0.51,6.61,1.99,6,1,Critical Depletion Zone
AQ0268,27.74,85.43,Kathmandu,deep_tube,dry,urban,167.28,28.3,7.77,32.21,4.15,457.74,9.33,0.67,6.92,1.43,2,1,Critical Depletion Zone
AQ0269,27.67,85.29,Lalitpur,shallow_tube,wet,urban,65.82,5.78,41.62,992.14,23.84,406.55,8.41,0.26,6.5,0.97,7,0,Moderate Stress
AQ0270,27.66,85.41,Kathmandu,shallow_tube,dry,urban,71.35,4.68,47.32,576.09,12.17,339.2,5.61,0.51,7.22,1.33,13,2,Moderate Stress
AQ0271,27.76,85.23,Lalitpur,deep_tube,wet,urban,130.39,34.61,34.19,41.91,1.23,905.72,7.75,0.09,7.12,2.53,4,1,Critical Depletion Zone
AQ0272,27.76,85.42,Bhaktapur,deep_tube,wet,urban,101.2,54.54,47.96,673.58,14.05,573.48,6.69,0.38,8.0,1.76,9,1,Critical Depletion Zone
AQ0273,27.77,85.23,Lalitpur,dug,wet,peri-urban,8.06,3.57,11.81,101.49,8.59,244.81,3.46,0.68,8.06,0.53,14,2,Moderate Stress
AQ0274,27.78,85.3,Kathmandu,dug,dry,urban,6.75,7.38,26.48,727.69,27.48,585.5,3.54,0.63,6.97,1.16,10,0,Moderate Stress
AQ0275,27.7,85.41,Kathmandu,deep_tube,dry,urban,200.33,40.89,32.08,381.99,11.91,1180.18,5.71,0.89,7.18,1.58,9,1,Critical Depletion Zone
AQ0276,27.7,85.24,Kathmandu,shallow_tube,dry,urban,83.57,23.43,31.18,865.4,27.76,537.9,3.97,0.26,7.99,1.16,7,0,Moderate Stress
AQ0277,27.76,85.26,Kathmandu,deep_tube,dry,urban,201.2,49.97,23.07,23.51,1.02,964.64,9.32,0.45,7.81,1.55,12,1,Critical Depletion Zone
AQ0278,27.73,85.39,Bhaktapur,deep_tube,dry,urban,158.21,35.73,20.21,221.4,10.95,396.53,4.68,0.3,6.21,1.6,8,1,Critical Depletion Zone
AQ0279,27.74,85.39,Kathmandu,shallow_tube,dry,urban,38.69,17.11,10.71,94.2,8.8,150.0,9.62,0.4,6.84,0.93,3,2,Moderate Stress
AQ0280,27.76,85.37,Kathmandu,dug,wet,urban,8.54,9.0,22.63,193.52,8.55,659.0,6.26,0.77,7.04,1.03,11,2,Moderate Stress
AQ0281,27.78,85.38,Lalitpur,shallow_tube,wet,urban,49.52,11.19,12.32,39.48,3.2,510.78,7.05,0.62,6.66,1.9,5,2,Moderate Stress
AQ0282,27.67,85.34,Lalitpur,dug,wet,peri-urban,4.28,3.4,38.05,268.24,7.05,469.73,3.71,0.8,6.6,0.71,2,2,Moderate Stress
AQ0283,27.68,85.27,Lalitpur,deep_tube,wet,agriculture,202.6,4.61,14.4,273.01,18.96,171.37,2.78,0.19,6.28,0.91,10,2,Moderate Stress
AQ0284,27.62,85.29,Kathmandu,deep_tube,wet,peri-urban,205.91,50.29,7.64,79.57,10.42,806.85,2.88,0.79,7.49,0.97,7,1,Critical Depletion Zone
AQ0285,27.72,85.25,Kathmandu,deep_tube,wet,peri-urban,155.96,48.85,29.86,432.79,14.5,1062.31,1.5,0.06,6.73,0.61,13,1,Critical Depletion Zone
AQ0286,27.61,85.44,Lalitpur,dug,wet,urban,3.53,1.22,31.79,419.1,13.19,496.18,6.98,0.8,6.3,1.91,8,2,Moderate Stress
AQ0287,27.69,85.35,Kathmandu,deep_tube,dry,agriculture,146.54,36.3,44.24,1297.04,29.32,818.36,4.68,0.3,6.66,0.32,9,0,Moderate Stress
AQ0288,27.71,85.3,Kathmandu,deep_tube,wet,urban,196.42,29.98,30.96,937.33,30.27,701.54,8.22,0.29,7.8,1.71,11,1,Critical Depletion Zone
AQ0289,27.66,85.32,Kathmandu,shallow_tube,wet,agriculture,90.96,4.73,20.55,348.04,16.94,150.0,3.32,0.47,7.9,0.64,11,2,Moderate Stress
AQ0290,27.72,85.45,Kathmandu,deep_tube,wet,agriculture,124.42,58.91,41.14,480.26,11.68,1260.23,2.99,0.85,7.17,0.47,7,1,Critical Depletion Zone
AQ0291,27.61,85.24,Kathmandu,shallow_tube,dry,peri-urban,14.16,6.94,29.31,130.54,4.45,150.0,3.03,0.05,7.03,1.02,10,2,Moderate Stress
AQ0292,27.61,85.35,Kathmandu,deep_tube,wet,agriculture,205.28,7.77,8.57,272.68,31.83,578.55,7.56,0.32,8.16,1.07,10,0,Moderate Stress
AQ0293,27.76,85.33,Lalitpur,deep_tube,wet,urban,146.73,37.31,30.46,89.79,2.95,460.51,7.68,0.77,6.6,3.06,13,1,Critical Depletion Zone
AQ0294,27.67,85.36,Lalitpur,deep_tube,dry,urban,165.01,45.38,45.86,487.23,10.62,617.87,5.35,0.36,6.63,1.82,8,1,Critical Depletion Zone
AQ0295,27.63,85.2,Bhaktapur,shallow_tube,wet,urban,97.06,2.75,22.83,242.9,10.64,714.48,6.14,0.19,6.78,1.24,12,2,Moderate Stress
AQ0296,27.7,85.43,Kathmandu,shallow_tube,wet,urban,14.12,17.15,18.33,208.28,11.36,502.04,2.67,0.39,6.55,1.62,9,2,Moderate Stress
AQ0297,27.75,85.44,Kathmandu,deep_tube,wet,urban,177.8,33.81,11.46,72.31,6.31,1028.74,9.88,0.35,6.96,2.17,6,1,Critical Depletion Zone
AQ0298,27.64,85.35,Kathmandu,shallow_tube,wet,urban,14.82,4.38,11.82,311.0,26.32,428.1,7.33,0.82,8.02,1.43,12,0,Moderate Stress
AQ0299,27.72,85.38,Lalitpur,shallow_tube,wet,agriculture,42.54,5.97,24.47,121.41,4.96,150.0,3.71,0.69,7.43,0.57,12,2,Moderate Stress
AQ0300,27.62,85.44,Lalitpur,shallow_tube,wet,urban,81.95,15.06,31.81,684.73,21.53,729.05,6.69,0.46,7.02,1.45,10,0,Moderate Stress
AQ0301,27.61,85.38,Kathmandu,dug,dry,peri-urban,6.03,3.1,8.63,43.18,5.0,150.0,1.55,0.89,8.07,1.3,2,2,Moderate Stress
AQ0302,27.71,85.24,Bhaktapur,deep_tube,dry,agriculture,219.66,56.55,47.28,155.11,3.28,1105.19,7.8,0.42,6.3,0.85,2,1,Critical Depletion Zone
AQ0303,27.71,85.35,Kathmandu,shallow_tube,dry,agriculture,59.43,20.83,38.98,1185.21,30.4,613.35,3.05,0.06,6.62,0.81,4,0,Moderate Stress
AQ0304,27.73,85.36,Lalitpur,shallow_tube,wet,agriculture,37.55,24.62,31.4,224.42,7.15,337.6,5.89,0.24,7.33,0.53,9,2,Moderate Stress
AQ0305,27.75,85.31,Lalitpur,shallow_tube,dry,urban,28.25,7.97,42.28,1164.97,27.55,512.58,3.96,0.4,7.43,2.19,7,0,Moderate Stress
AQ0306,27.8,85.39,Bhaktapur,deep_tube,wet,agriculture,142.06,58.3,8.61,160.2,18.61,1422.29,6.31,0.15,6.28,0.24,2,1,Critical Depletion Zone
AQ0307,27.7,85.44,Lalitpur,deep_tube,wet,peri-urban,144.7,28.15,26.46,93.06,3.52,580.09,4.88,0.85,7.01,1.34,8,2,Moderate Stress
AQ0308,27.66,85.44,Bhaktapur,shallow_tube,dry,urban,14.32,9.99,33.35,1063.76,31.89,488.43,7.39,0.69,7.5,1.67,11,0,Moderate Stress
AQ0309,27.76,85.32,Kathmandu,shallow_tube,wet,urban,42.0,3.16,42.29,379.97,8.99,646.65,6.92,0.25,7.6,1.48,7,2,Moderate Stress
AQ0310,27.65,85.23,Bhaktapur,shallow_tube,wet,peri-urban,50.71,3.21,40.26,1159.18,28.8,274.27,5.46,0.54,7.48,0.9,9,0,Moderate Stress
AQ0311,27.69,85.46,Kathmandu,deep_tube,dry,urban,186.73,42.75,17.47,112.81,6.46,869.43,2.63,0.65,6.84,2.14,8,1,Critical Depletion Zone
AQ0312,27.62,85.42,Bhaktapur,deep_tube,dry,urban,178.81,29.64,47.34,1354.42,28.61,478.12,4.65,0.85,6.39,2.28,3,0,Moderate Stress
AQ0313,27.61,85.23,Lalitpur,shallow_tube,wet,urban,73.21,7.21,10.6,15.13,1.43,518.87,3.99,0.79,7.05,1.56,1,2,Moderate Stress
AQ0314,27.79,85.44,Bhaktapur,shallow_tube,dry,urban,8.77,16.12,44.38,778.78,17.55,768.3,9.9,0.47,6.46,1.38,2,0,Moderate Stress
AQ0315,27.77,85.43,Kathmandu,shallow_tube,dry,urban,28.03,7.82,48.69,1260.09,25.88,310.94,5.12,0.7,8.1,1.04,14,0,Moderate Stress
AQ0316,27.74,85.33,Lalitpur,dug,wet,peri-urban,7.63,5.86,12.97,405.05,31.23,543.51,4.66,0.51,7.15,0.83,13,0,Moderate Stress
AQ0317,27.68,85.35,Lalitpur,shallow_tube,wet,urban,52.53,10.26,37.49,1139.69,30.4,484.28,7.48,0.5,6.83,1.64,2,0,Moderate Stress
AQ0318,27.63,85.3,Lalitpur,deep_tube,wet,urban,100.64,50.12,6.81,187.36,27.5,723.64,3.7,0.11,7.73,2.09,4,1,Critical Depletion Zone
AQ0319,27.63,85.21,Kathmandu,deep_tube,wet,urban,196.54,49.96,23.24,690.77,29.72,1099.12,3.91,0.12,7.2,2.29,6,1,Critical Depletion Zone
AQ0320,27.65,85.29,Kathmandu,shallow_tube,wet,urban,79.1,12.98,28.23,210.09,7.44,472.43,4.25,0.48,6.82,1.82,4,2,Moderate Stress
AQ0321,27.71,85.41,Kathmandu,shallow_tube,dry,agriculture,58.45,10.07,31.13,317.16,10.19,652.59,4.47,0.25,7.82,1.01,9,2,Moderate Stress
AQ0322,27.74,85.2,Kathmandu,shallow_tube,dry,urban,14.11,10.34,47.12,487.35,10.34,445.04,3.87,0.03,7.93,0.99,4,2,Moderate Stress
AQ0323,27.73,85.29,Bhaktapur,deep_tube,dry,urban,191.98,49.12,35.25,465.01,13.19,879.23,2.16,0.65,7.55,1.88,6,1,Critical Depletion Zone
AQ0324,27.66,85.3,Kathmandu,deep_tube,wet,urban,170.05,22.38,26.66,365.67,13.72,722.49,9.04,0.04,6.29,1.77,6,1,Critical Depletion Zone
AQ0325,27.79,85.34,Bhaktapur,deep_tube,dry,urban,193.84,15.71,41.44,771.0,18.61,615.25,9.72,0.54,7.33,2.26,10,1,Critical Depletion Zone
AQ0326,27.75,85.44,Kathmandu,deep_tube,dry,peri-urban,190.21,8.74,47.77,294.74,6.17,150.0,2.71,0.49,7.73,0.39,11,2,Moderate Stress
AQ0327,27.71,85.29,Kathmandu,shallow_tube,dry,peri-urban,81.88,12.73,5.99,139.94,23.35,150.0,2.69,0.87,6.47,0.39,10,2,Moderate Stress
AQ0328,27.72,85.29,Lalitpur,dug,wet,urban,6.63,4.92,49.21,315.85,6.42,635.13,2.06,0.44,6.66,2.25,1,2,Moderate Stress
AQ0329,27.68,85.39,Lalitpur,deep_tube,dry,urban,116.84,51.09,8.88,97.93,11.03,884.48,7.44,0.07,7.96,1.76,8,1,Critical Depletion Zone
AQ0330,27.65,85.32,Kathmandu,shallow_tube,wet,urban,69.75,7.09,41.65,719.45,17.27,366.14,8.6,0.5,6.24,1.72,12,0,Moderate Stress
AQ0331,27.67,85.26,Lalitpur,dug,wet,urban,7.34,3.93,17.62,471.23,26.75,167.62,3.17,0.76,7.71,2.22,3,0,Moderate Stress
AQ0332,27.75,85.32,Lalitpur,deep_tube,wet,urban,189.07,49.27,10.95,272.71,24.91,676.76,3.28,0.9,7.15,1.29,13,1,Critical Depletion Zone
AQ0333,27.6,85.24,Kathmandu,deep_tube,dry,urban,120.39,50.12,24.79,542.29,21.87,496.87,8.32,0.39,7.09,2.51,6,1,Critical Depletion Zone
AQ0334,27.62,85.25,Bhaktapur,deep_tube,dry,urban,123.4,25.54,33.98,205.11,6.04,635.13,6.93,0.3,6.21,1.51,3,1,Critical Depletion Zone
AQ0335,27.61,85.33,Bhaktapur,dug,wet,urban,9.23,4.7,22.14,413.8,18.69,327.31,2.36,0.82,7.84,1.36,11,2,Moderate Stress
AQ0336,27.61,85.31,Lalitpur,deep_tube,wet,agriculture,190.0,20.98,7.46,28.54,3.83,416.52,5.74,0.18,6.92,0.81,2,2,Moderate Stress
AQ0337,27.77,85.44,Kathmandu,shallow_tube,wet,agriculture,91.56,23.45,31.98,422.12,13.2,620.86,3.85,0.56,7.28,1.13,5,2,Moderate Stress
AQ0338,27.74,85.29,Lalitpur,shallow_tube,wet,urban,77.8,4.73,45.61,655.41,14.37,520.08,4.95,0.37,7.55,2.22,14,2,Moderate Stress
AQ0339,27.69,85.35,Kathmandu,dug,wet,peri-urban,7.18,9.35,22.24,50.88,2.29,712.15,4.85,0.05,7.61,1.49,1,2,Moderate Stress
AQ0340,27.62,85.36,Kathmandu,shallow_tube,wet,urban,68.18,17.73,14.73,145.27,9.86,274.91,8.49,0.32,8.11,0.84,9,2,Moderate Stress
AQ0341,27.7,85.2,Kathmandu,shallow_tube,dry,urban,89.8,14.23,24.92,794.8,31.9,774.14,5.2,0.25,7.26,0.99,11,0,Moderate Stress
AQ0342,27.69,85.37,Kathmandu,deep_tube,wet,peri-urban,169.46,5.83,7.18,228.45,31.83,452.91,5.74,0.62,7.0,1.03,7,0,Moderate Stress
AQ0343,27.63,85.25,Bhaktapur,deep_tube,wet,agriculture,175.89,30.63,41.92,519.49,12.39,550.52,4.44,0.85,8.11,1.02,3,1,Critical Depletion Zone
AQ0344,27.69,85.45,Lalitpur,deep_tube,wet,agriculture,118.78,26.83,42.19,100.97,2.39,708.99,6.63,0.25,7.48,0.49,4,2,Moderate Stress
AQ0345,27.68,85.24,Lalitpur,dug,dry,urban,6.32,1.78,31.46,213.64,6.79,326.27,5.87,0.73,6.8,1.21,13,2,Moderate Stress
AQ0346,27.72,85.31,Kathmandu,shallow_tube,dry,urban,73.91,17.1,20.89,285.81,13.68,608.11,9.18,0.06,6.45,2.14,6,2,Moderate Stress
AQ0347,27.73,85.22,Kathmandu,shallow_tube,dry,peri-urban,32.93,24.34,40.99,1297.13,31.64,745.19,5.54,0.49,7.89,0.37,3,0,Moderate Stress
AQ0348,27.61,85.46,Kathmandu,shallow_tube,wet,urban,26.61,14.93,29.96,166.75,5.57,670.42,2.7,0.07,6.92,1.43,12,2,Moderate Stress
AQ0349,27.67,85.33,Bhaktapur,dug,dry,urban,5.2,7.2,42.17,1083.14,25.69,573.77,9.49,0.84,7.52,1.66,7,0,Moderate Stress
AQ0350,27.73,85.35,Kathmandu,deep_tube,wet,urban,128.98,7.83,33.42,150.84,4.51,392.27,8.6,0.69,7.14,1.75,13,2,Moderate Stress
AQ0351,27.7,85.22,Bhaktapur,shallow_tube,dry,urban,27.77,11.61,40.3,1318.85,32.73,219.25,8.33,0.6,6.6,2.04,6,0,Moderate Stress
AQ0352,27.77,85.39,Lalitpur,dug,dry,urban,5.97,1.34,31.94,425.98,13.34,371.71,3.61,0.74,7.4,1.4,9,2,Moderate Stress
AQ0353,27.73,85.25,Kathmandu,dug,dry,urban,9.35,6.21,23.64,616.1,26.07,703.38,8.44,0.59,6.32,1.84,12,0,Moderate Stress
AQ0354,27.63,85.43,Lalitpur,dug,dry,agriculture,6.55,9.4,48.11,581.0,12.08,188.54,7.1,0.87,7.03,0.79,5,2,Moderate Stress
AQ0355,27.61,85.25,Kathmandu,dug,dry,urban,4.32,6.69,29.35,625.0,21.29,255.84,4.31,0.65,7.29,1.73,4,0,Moderate Stress
AQ0356,27.73,85.25,Bhaktapur,shallow_tube,wet,urban,15.08,3.77,32.23,232.32,7.21,462.92,9.62,0.83,7.07,1.89,3,2,Moderate Stress
AQ0357,27.61,85.21,Bhaktapur,deep_tube,dry,urban,183.54,23.86,14.92,85.37,5.72,441.68,2.4,0.47,7.7,1.24,10,2,Moderate Stress
AQ0358,27.72,85.32,Kathmandu,deep_tube,wet,urban,145.94,34.84,33.15,1038.75,31.33,589.87,3.2,0.11,7.86,1.22,1,0,Moderate Stress
AQ0359,27.79,85.35,Kathmandu,dug,dry,urban,8.75,4.15,30.72,942.27,30.67,356.79,6.3,0.48,7.74,1.18,3,0,Moderate Stress
AQ0360,27.72,85.22,Lalitpur,deep_tube,wet,urban,179.14,50.68,13.32,395.47,29.69,633.72,6.61,0.12,6.28,2.35,3,1,Critical Depletion Zone
AQ0361,27.68,85.4,Bhaktapur,deep_tube,wet,peri-urban,195.55,49.62,7.68,163.02,21.22,501.39,4.23,0.54,6.59,1.14,7,1,Critical Depletion Zone
AQ0362,27.73,85.32,Kathmandu,deep_tube,wet,urban,132.63,38.26,32.2,873.61,27.13,923.31,2.14,0.44,7.27,2.55,7,1,Critical Depletion Zone
AQ0363,27.69,85.34,Lalitpur,shallow_tube,wet,agriculture,71.7,10.59,39.37,127.24,3.23,244.42,7.76,0.56,8.07,0.6,13,2,Moderate Stress
AQ0364,27.71,85.31,Lalitpur,deep_tube,wet,urban,131.69,18.3,28.55,337.64,11.82,263.41,2.36,0.02,7.87,1.47,12,2,Moderate Stress
AQ0365,27.79,85.3,Lalitpur,dug,dry,urban,9.57,1.24,15.2,169.43,11.14,286.37,3.14,0.18,7.89,1.13,1,2,Moderate Stress
AQ0366,27.68,85.35,Kathmandu,dug,wet,urban,7.45,3.68,34.99,754.2,21.55,583.17,2.11,0.45,6.81,0.9,3,0,Moderate Stress
AQ0367,27.79,85.24,Lalitpur,shallow_tube,wet,urban,37.86,11.5,8.6,107.64,12.51,475.65,6.53,0.86,7.06,1.8,13,2,Moderate Stress
AQ0368,27.78,85.25,Bhaktapur,shallow_tube,dry,peri-urban,32.8,17.54,24.88,144.36,5.8,282.52,5.66,0.35,7.14,1.49,8,2,Moderate Stress
AQ0369,27.64,85.42,Kathmandu,shallow_tube,wet,urban,25.57,17.14,12.35,250.56,20.29,580.25,7.33,0.39,6.51,1.08,9,2,Moderate Stress
AQ0370,27.61,85.45,Kathmandu,deep_tube,dry,urban,183.36,7.93,13.3,363.53,27.33,150.0,8.58,0.65,6.26,0.88,7,0,Moderate Stress
AQ0371,27.62,85.3,Bhaktapur,dug,dry,peri-urban,4.53,4.07,14.1,188.35,13.36,339.68,1.07,0.55,8.09,1.24,7,2,Moderate Stress
AQ0372,27.6,85.27,Kathmandu,shallow_tube,dry,agriculture,62.77,6.18,22.4,118.21,5.28,538.5,5.25,0.28,6.68,0.45,12,2,Moderate Stress
AQ0373,27.62,85.37,Bhaktapur,deep_tube,dry,peri-urban,131.76,12.78,7.3,53.74,7.36,245.95,3.3,0.38,6.68,1.3,11,2,Moderate Stress
AQ0374,27.74,85.31,Kathmandu,dug,wet,urban,7.63,8.31,22.9,198.75,8.68,684.26,5.99,0.2,6.37,2.0,8,2,Moderate Stress
AQ0375,27.61,85.21,Kathmandu,deep_tube,dry,peri-urban,197.79,6.35,28.03,299.79,10.7,150.0,1.36,0.87,8.06,1.43,6,2,Moderate Stress
AQ0376,27.66,85.24,Bhaktapur,deep_tube,wet,urban,193.36,27.47,26.75,582.68,21.78,900.32,7.48,0.13,7.36,1.5,11,1,Critical Depletion Zone
AQ0377,27.77,85.39,Kathmandu,deep_tube,wet,urban,191.3,13.42,22.23,454.08,20.43,565.09,6.03,0.34,7.53,1.93,3,1,Critical Depletion Zone
AQ0378,27.6,85.37,Lalitpur,deep_tube,dry,urban,122.53,53.24,42.76,1005.18,23.51,865.11,8.12,0.03,8.02,2.17,1,1,Critical Depletion Zone
AQ0379,27.76,85.21,Kathmandu,shallow_tube,wet,urban,16.13,14.81,11.54,146.8,12.72,544.14,5.88,0.21,6.89,1.56,7,2,Moderate Stress
AQ0380,27.66,85.26,Lalitpur,deep_tube,dry,urban,183.87,16.96,27.76,767.26,27.64,548.12,3.2,0.7,7.44,1.12,1,0,Moderate Stress
AQ0381,27.62,85.26,Kathmandu,deep_tube,dry,urban,144.2,32.14,7.79,59.21,7.6,965.42,7.19,0.19,6.28,2.18,1,1,Critical Depletion Zone
AQ0382,27.74,85.37,Kathmandu,dug,dry,peri-urban,6.03,7.37,8.2,132.59,16.17,150.0,1.86,0.08,6.57,1.27,9,2,Moderate Stress
AQ0383,27.73,85.21,Bhaktapur,deep_tube,dry,urban,103.74,57.65,30.82,829.07,26.9,824.04,8.98,0.43,7.86,2.65,13,1,Critical Depletion Zone
AQ0384,27.78,85.23,Kathmandu,deep_tube,wet,urban,131.15,16.34,30.47,207.97,6.83,770.71,6.9,0.02,7.73,0.99,10,2,Moderate Stress
AQ0385,27.75,85.41,Lalitpur,shallow_tube,wet,urban,11.1,22.38,44.51,202.63,4.55,504.71,3.26,0.09,6.9,2.03,7,2,Moderate Stress
AQ0386,27.76,85.25,Kathmandu,deep_tube,dry,agriculture,205.5,56.32,30.1,890.26,29.57,1143.32,7.77,0.73,6.95,0.7,13,1,Critical Depletion Zone
AQ0387,27.66,85.37,Lalitpur,shallow_tube,wet,urban,30.39,23.08,48.19,582.53,12.09,970.66,6.15,0.7,7.27,2.32,11,1,Critical Depletion Zone
AQ0388,27.64,85.26,Kathmandu,shallow_tube,dry,urban,59.28,16.61,7.19,166.2,23.11,485.79,2.58,0.82,6.2,2.36,13,2,Moderate Stress
AQ0389,27.75,85.23,Bhaktapur,deep_tube,dry,peri-urban,104.68,39.27,9.41,17.12,1.82,728.97,4.13,0.77,6.68,0.37,4,2,Moderate Stress
AQ0390,27.76,85.26,Kathmandu,dug,dry,peri-urban,7.67,4.15,6.98,162.78,23.31,150.0,2.27,0.62,6.62,1.28,6,2,Moderate Stress
AQ0391,27.8,85.39,Kathmandu,shallow_tube,wet,urban,37.72,19.31,13.34,149.65,11.22,744.0,8.43,0.06,6.7,0.86,1,2,Moderate Stress
AQ0392,27.68,85.42,Kathmandu,deep_tube,wet,urban,207.75,33.75,29.36,82.27,2.8,777.41,8.54,0.71,7.81,1.95,7,1,Critical Depletion Zone
AQ0393,27.67,85.42,Kathmandu,dug,wet,peri-urban,9.22,6.84,34.05,705.44,20.72,363.0,5.89,0.76,6.76,0.48,12,0,Moderate Stress
AQ0394,27.76,85.3,Lalitpur,shallow_tube,wet,urban,37.93,11.85,7.05,61.95,8.79,389.43,6.01,0.72,6.58,2.07,6,2,Moderate Stress
AQ0395,27.67,85.37,Kathmandu,deep_tube,dry,urban,208.12,44.96,47.57,642.5,13.51,517.42,5.64,0.46,7.21,1.12,4,1,Critical Depletion Zone
AQ0396,27.79,85.25,Bhaktapur,deep_tube,wet,peri-urban,219.54,50.17,42.9,154.66,3.61,802.35,4.77,0.22,7.93,1.0,7,1,Critical Depletion Zone
AQ0397,27.77,85.28,Kathmandu,deep_tube,wet,urban,199.05,12.2,18.35,105.65,5.76,150.0,3.06,0.76,6.68,2.01,3,2,Moderate Stress
AQ0398,27.69,85.43,Kathmandu,shallow_tube,wet,urban,85.73,21.16,8.47,90.11,10.63,548.1,6.38,0.66,6.36,2.36,1,2,Moderate Stress
AQ0399,27.75,85.2,Lalitpur,shallow_tube,dry,urban,30.91,14.43,12.64,49.34,3.9,732.5,6.37,0.88,6.91,2.0,4,2,Moderate Stress
AQ0400,27.75,85.22,Lalitpur,deep_tube,dry,urban,169.2,51.3,10.71,326.2,30.45,951.39,2.72,0.15,7.7,2.38,3,1,Critical Depletion Zone
AQ0401,27.62,85.25,Kathmandu,deep_tube,wet,urban,108.07,28.15,10.55,12.61,1.2,1071.2,5.34,0.21,7.3,0.8,1,1,Critical Depletion Zone
AQ0402,27.78,85.21,Kathmandu,shallow_tube,wet,peri-urban,16.73,10.72,28.34,471.64,16.64,512.2,5.27,0.2,7.83,0.44,2,2,Moderate Stress
AQ0403,27.7,85.25,Kathmandu,deep_tube,wet,urban,219.87,55.24,16.06,80.07,4.99,821.65,8.85,0.72,8.12,2.31,11,1,Critical Depletion Zone
AQ0404,27.77,85.35,Lalitpur,shallow_tube,wet,urban,38.05,7.78,21.12,231.19,10.95,483.23,2.79,0.18,7.79,1.51,5,2,Moderate Stress
AQ0405,27.66,85.31,Lalitpur,deep_tube,dry,urban,189.78,51.28,49.53,1532.52,30.94,903.28,2.73,0.07,7.41,2.56,8,1,Critical Depletion Zone
AQ0406,27.78,85.43,Kathmandu,shallow_tube,dry,urban,82.21,13.13,35.79,222.93,6.23,214.89,4.1,0.9,7.19,0.93,1,2,Moderate Stress
AQ0407,27.68,85.41,Bhaktapur,dug,wet,agriculture,9.01,5.24,47.7,1537.44,32.23,264.3,7.25,0.03,6.28,0.39,4,0,Moderate Stress
AQ0408,27.6,85.29,Bhaktapur,shallow_tube,wet,urban,99.78,9.09,11.42,87.37,7.65,378.8,3.03,0.75,8.17,2.23,14,2,Moderate Stress
AQ0409,27.78,85.27,Lalitpur,shallow_tube,dry,urban,30.22,15.18,22.2,554.4,24.98,150.0,7.76,0.34,6.97,2.03,4,0,Moderate Stress
AQ0410,27.62,85.3,Bhaktapur,shallow_tube,wet,urban,11.71,9.48,29.96,559.58,18.68,504.3,2.81,0.76,6.5,2.32,5,2,Moderate Stress
AQ0411,27.66,85.35,Kathmandu,shallow_tube,dry,urban,45.83,2.9,8.45,250.23,29.6,379.22,6.99,0.5,7.53,1.0,7,0,Moderate Stress
AQ0412,27.79,85.27,Kathmandu,dug,wet,urban,3.91,2.87,5.19,98.13,18.91,150.0,4.85,0.81,6.77,2.48,13,2,Moderate Stress
AQ0413,27.79,85.36,Kathmandu,dug,wet,peri-urban,3.16,0.26,35.17,643.04,18.28,283.47,4.94,0.83,7.37,0.55,12,2,Moderate Stress
AQ0414,27.71,85.31,Kathmandu,shallow_tube,wet,agriculture,41.16,24.5,33.88,248.01,7.32,788.2,3.4,0.02,7.37,0.21,8,2,Moderate Stress
AQ0415,27.73,85.34,Lalitpur,deep_tube,dry,urban,194.05,58.08,23.49,149.71,6.37,1026.23,7.11,0.08,7.09,2.86,6,1,Critical Depletion Zone
AQ0416,27.69,85.31,Bhaktapur,deep_tube,dry,urban,167.94,26.13,27.03,828.14,30.63,596.47,3.89,0.23,7.87,1.94,1,0,Moderate Stress
AQ0417,27.66,85.28,Kathmandu,dug,wet,peri-urban,5.19,7.34,23.69,274.86,11.6,391.67,4.57,0.61,6.73,0.51,7,2,Moderate Stress
AQ0418,27.67,85.45,Kathmandu,deep_tube,wet,peri-urban,178.52,23.37,6.08,79.23,13.03,569.7,5.37,0.8,7.1,1.0,3,1,Critical Depletion Zone
AQ0419,27.73,85.4,Kathmandu,shallow_tube,wet,urban,29.35,17.44,20.09,513.7,25.57,635.83,3.01,0.42,7.28,2.34,13,0,Moderate Stress
AQ0420,27.75,85.24,Bhaktapur,deep_tube,wet,urban,101.73,49.1,12.97,155.04,11.96,726.12,8.93,0.55,7.53,1.95,13,1,Critical Depletion Zone
AQ0421,27.76,85.43,Kathmandu,deep_tube,wet,urban,191.72,57.02,9.43,299.69,31.78,1025.5,6.75,0.18,7.77,1.69,13,1,Critical Depletion Zone
AQ0422,27.76,85.33,Lalitpur,shallow_tube,wet,peri-urban,65.38,11.2,48.05,1194.57,24.86,551.14,1.64,0.73,6.99,0.7,6,0,Moderate Stress
AQ0423,27.62,85.43,Kathmandu,deep_tube,dry,peri-urban,191.48,47.86,31.97,649.55,20.32,559.32,3.14,0.87,7.49,0.55,8,1,Critical Depletion Zone
AQ0424,27.7,85.41,Kathmandu,shallow_tube,wet,urban,11.58,8.12,37.79,1114.12,29.48,900.75,3.29,0.25,6.5,1.33,7,0,Moderate Stress
AQ0425,27.61,85.31,Bhaktapur,deep_tube,wet,urban,200.45,59.46,19.19,49.97,2.6,889.46,7.6,0.45,8.07,1.85,10,1,Critical Depletion Zone
AQ0426,27.71,85.21,Bhaktapur,shallow_tube,dry,agriculture,65.0,2.59,22.69,211.3,9.31,432.41,6.55,0.09,6.97,0.6,6,2,Moderate Stress
AQ0427,27.69,85.27,Kathmandu,deep_tube,wet,peri-urban,167.61,37.8,15.66,251.15,16.04,443.48,1.53,0.51,7.66,0.59,9,1,Critical Depletion Zone
AQ0428,27.78,85.34,Bhaktapur,deep_tube,dry,agriculture,174.95,40.93,9.36,78.08,8.34,853.98,5.04,0.46,6.24,0.65,9,1,Critical Depletion Zone
AQ0429,27.67,85.36,Lalitpur,deep_tube,wet,peri-urban,203.73,42.53,13.06,327.1,25.05,276.86,5.07,0.14,6.61,0.68,1,1,Critical Depletion Zone
AQ0430,27.62,85.27,Bhaktapur,shallow_tube,dry,urban,62.0,4.77,40.89,1256.13,30.72,338.48,9.49,0.4,7.17,2.07,1,0,Moderate Stress
AQ0431,27.63,85.24,Kathmandu,deep_tube,dry,urban,169.71,56.56,35.49,521.76,14.7,747.15,6.11,0.31,7.96,2.91,1,1,Critical Depletion Zone
AQ0432,27.75,85.42,Lalitpur,deep_tube,dry,urban,218.88,14.15,29.61,357.19,12.06,568.53,9.6,0.47,7.25,2.26,8,1,Critical Depletion Zone
AQ0433,27.72,85.46,Kathmandu,deep_tube,dry,urban,190.81,38.87,26.38,846.51,32.09,987.63,6.29,0.53,8.06,2.06,12,1,Critical Depletion Zone
AQ0434,27.62,85.34,Lalitpur,deep_tube,wet,urban,153.08,16.47,46.51,715.48,15.38,693.9,5.15,0.02,7.17,1.97,13,1,Critical Depletion Zone
AQ0435,27.62,85.24,Kathmandu,deep_tube,dry,peri-urban,184.89,21.2,8.27,139.09,16.81,150.0,5.24,0.69,7.18,0.92,14,2,Moderate Stress
AQ0436,27.74,85.27,Kathmandu,dug,wet,urban,5.72,5.56,17.63,218.05,12.37,863.97,5.94,0.64,6.44,1.91,12,2,Moderate Stress
AQ0437,27.61,85.2,Kathmandu,shallow_tube,wet,peri-urban,29.06,11.6,20.75,630.9,30.41,375.01,3.36,0.34,7.81,1.37,14,0,Moderate Stress
AQ0438,27.76,85.44,Lalitpur,dug,wet,urban,7.18,1.77,40.21,779.91,19.4,262.4,5.92,0.06,6.69,1.55,10,0,Moderate Stress
AQ0439,27.74,85.23,Kathmandu,deep_tube,dry,agriculture,211.38,13.57,49.66,1273.54,25.64,567.15,7.08,0.68,8.0,1.1,7,0,Moderate Stress
AQ0440,27.62,85.35,Lalitpur,shallow_tube,wet,urban,93.48,11.62,15.83,431.35,27.25,551.41,8.66,0.86,8.02,2.08,3,0,Moderate Stress
AQ0441,27.62,85.27,Bhaktapur,shallow_tube,dry,urban,39.46,19.42,44.34,534.48,12.05,460.81,5.23,0.22,8.09,1.63,13,2,Moderate Stress
AQ0442,27.8,85.34,Kathmandu,shallow_tube,dry,urban,56.55,22.65,42.38,636.64,15.02,666.12,4.67,0.3,7.24,1.83,2,2,Moderate Stress
AQ0443,27.67,85.37,Lalitpur,deep_tube,dry,urban,125.4,8.71,15.11,429.62,28.43,365.62,5.94,0.17,7.55,1.35,4,0,Moderate Stress
AQ0444,27.67,85.42,Kathmandu,deep_tube,dry,peri-urban,219.48,26.01,22.97,292.76,12.75,379.27,3.86,0.52,7.76,1.48,3,1,Critical Depletion Zone
AQ0445,27.76,85.25,Bhaktapur,deep_tube,wet,peri-urban,217.73,9.61,23.44,625.03,26.67,158.88,2.19,0.15,6.46,1.1,7,0,Moderate Stress
AQ0446,27.79,85.2,Kathmandu,deep_tube,wet,urban,177.94,4.93,49.02,1540.47,31.43,162.76,8.35,0.33,7.4,0.87,10,0,Moderate Stress
AQ0447,27.8,85.24,Lalitpur,deep_tube,wet,urban,196.53,41.06,13.14,277.92,21.15,839.73,5.89,0.63,6.27,1.93,8,1,Critical Depletion Zone
AQ0448,27.75,85.43,Bhaktapur,shallow_tube,wet,urban,73.79,15.86,40.96,1023.2,24.98,675.62,4.67,0.51,7.2,0.9,6,0,Moderate Stress
AQ0449,27.68,85.43,Bhaktapur,shallow_tube,wet,urban,62.57,5.75,20.04,541.67,27.03,560.47,2.85,0.35,6.51,0.84,3,0,Moderate Stress
AQ0450,27.62,85.36,Lalitpur,deep_tube,wet,agriculture,106.4,17.09,37.89,1073.13,28.32,734.92,3.43,0.38,6.57,0.65,6,0,Moderate Stress
AQ0451,27.76,85.36,Kathmandu,shallow_tube,wet,peri-urban,49.84,2.55,23.9,329.19,13.77,290.32,5.75,0.51,6.93,0.7,2,2,Moderate Stress
AQ0452,27.71,85.37,Lalitpur,shallow_tube,dry,urban,70.08,21.2,31.03,82.45,2.66,505.49,4.44,0.02,7.06,1.55,12,2,Moderate Stress
AQ0453,27.68,85.25,Bhaktapur,deep_tube,dry,peri-urban,181.3,58.58,42.47,594.29,13.99,953.76,1.84,0.08,7.45,0.62,7,1,Critical Depletion Zone
AQ0454,27.78,85.44,Lalitpur,deep_tube,wet,urban,144.77,11.59,41.19,938.45,22.78,244.35,5.69,0.79,6.35,1.08,14,0,Moderate Stress
AQ0455,27.62,85.31,Kathmandu,dug,dry,agriculture,9.59,2.47,43.99,684.53,15.56,244.55,3.84,0.08,7.21,0.89,11,2,Moderate Stress
AQ0456,27.7,85.3,Bhaktapur,dug,wet,urban,4.17,8.71,7.68,193.73,25.22,294.26,2.28,0.64,6.57,1.67,10,2,Moderate Stress
AQ0457,27.6,85.33,Lalitpur,deep_tube,wet,peri-urban,160.04,55.88,36.14,453.31,12.54,974.83,2.62,0.83,7.35,0.54,14,1,Critical Depletion Zone
AQ0458,27.69,85.21,Lalitpur,deep_tube,dry,peri-urban,182.91,27.5,11.3,243.2,21.52,663.55,3.72,0.25,7.47,0.68,7,1,Critical Depletion Zone
AQ0459,27.61,85.24,Kathmandu,deep_tube,wet,urban,183.66,6.83,23.71,166.64,7.03,565.81,6.41,0.34,7.31,1.81,4,2,Moderate Stress
AQ0460,27.62,85.39,Lalitpur,deep_tube,wet,peri-urban,177.84,6.21,29.69,748.98,25.23,476.45,2.78,0.52,7.68,0.39,13,0,Moderate Stress
AQ0461,27.62,85.22,Kathmandu,shallow_tube,dry,urban,33.33,15.2,23.12,431.11,18.64,376.15,5.58,0.79,6.87,1.05,8,2,Moderate Stress
AQ0462,27.73,85.36,Lalitpur,deep_tube,dry,urban,118.74,26.0,28.38,215.65,7.6,729.74,9.72,0.85,7.73,0.92,4,1,Critical Depletion Zone
AQ0463,27.75,85.26,Kathmandu,dug,dry,urban,7.45,0.48,49.84,520.29,10.44,379.77,5.02,0.67,7.07,2.18,7,2,Moderate Stress
AQ0464,27.72,85.3,Lalitpur,shallow_tube,dry,agriculture,63.14,15.41,11.08,279.39,25.21,723.52,3.55,0.09,7.17,0.95,4,2,Moderate Stress
AQ0465,27.79,85.28,Bhaktapur,deep_tube,dry,peri-urban,121.52,4.63,35.4,587.71,16.6,223.28,2.22,0.61,7.5,1.2,13,2,Moderate Stress
AQ0466,27.67,85.29,Kathmandu,deep_tube,wet,peri-urban,184.62,48.09,22.82,182.22,7.99,603.94,3.29,0.38,6.24,1.16,12,1,Critical Depletion Zone
AQ0467,27.66,85.39,Bhaktapur,shallow_tube,wet,peri-urban,49.88,9.05,10.99,354.56,32.28,398.66,4.8,0.43,7.51,1.1,5,0,Moderate Stress
AQ0468,27.77,85.28,Kathmandu,shallow_tube,wet,urban,69.43,2.93,12.14,292.92,24.12,604.49,3.65,0.05,7.44,1.61,7,2,Moderate Stress
AQ0469,27.64,85.35,Bhaktapur,shallow_tube,wet,agriculture,85.04,15.53,47.72,1524.44,31.95,421.65,6.26,0.18,6.82,0.84,13,0,Moderate Stress
AQ0470,27.79,85.32,Lalitpur,shallow_tube,dry,urban,23.62,11.15,44.58,660.25,14.81,499.25,2.17,0.71,6.37,0.87,14,2,Moderate Stress
AQ0471,27.6,85.37,Lalitpur,shallow_tube,wet,urban,9.76,24.4,45.82,749.64,16.36,432.29,5.35,0.41,6.38,1.86,14,0,Moderate Stress
AQ0472,27.79,85.44,Lalitpur,dug,dry,urban,8.45,5.53,49.62,1490.25,30.03,150.0,8.21,0.28,8.05,2.12,13,0,Moderate Stress
AQ0473,27.61,85.39,Bhaktapur,shallow_tube,dry,peri-urban,64.09,8.33,14.37,258.4,17.98,323.4,2.69,0.35,7.58,0.9,10,2,Moderate Stress
AQ0474,27.78,85.26,Kathmandu,deep_tube,dry,peri-urban,183.96,43.73,20.99,501.12,23.87,759.07,3.82,0.77,6.45,0.73,3,1,Critical Depletion Zone
AQ0475,27.71,85.21,Kathmandu,shallow_tube,dry,urban,85.11,8.24,35.11,321.43,9.15,534.86,3.64,0.68,6.91,1.27,10,2,Moderate Stress
AQ0476,27.8,85.27,Lalitpur,dug,dry,urban,8.62,9.06,26.77,413.46,15.44,150.0,7.94,0.25,7.38,1.89,5,2,Moderate Stress
AQ0477,27.61,85.35,Bhaktapur,shallow_tube,wet,peri-urban,96.4,10.62,23.83,118.94,4.99,236.02,1.26,0.11,7.87,1.13,11,2,Moderate Stress
AQ0478,27.71,85.21,Lalitpur,deep_tube,dry,urban,164.31,34.79,21.1,161.64,7.66,304.26,8.82,0.23,6.29,2.69,14,1,Critical Depletion Zone
AQ0479,27.79,85.33,Lalitpur,dug,wet,peri-urban,6.42,0.7,31.72,32.69,1.03,480.9,1.99,0.83,6.67,1.22,3,2,Moderate Stress
AQ0480,27.7,85.36,Kathmandu,dug,dry,agriculture,5.81,4.38,30.9,70.13,2.27,226.55,7.25,0.53,7.98,0.76,5,2,Moderate Stress
AQ0481,27.73,85.29,Bhaktapur,shallow_tube,wet,urban,22.14,21.14,12.27,399.84,32.6,862.52,4.82,0.48,6.22,2.3,14,0,Moderate Stress
AQ0482,27.74,85.4,Kathmandu,dug,dry,urban,7.01,8.1,26.23,231.76,8.84,670.13,7.78,0.54,6.6,1.7,3,2,Moderate Stress
AQ0483,27.69,85.23,Lalitpur,deep_tube,dry,peri-urban,133.24,16.56,29.91,671.31,22.45,185.5,2.6,0.34,8.12,0.92,11,0,Moderate Stress
AQ0484,27.73,85.22,Kathmandu,deep_tube,wet,peri-urban,210.56,16.66,30.66,862.58,28.13,150.0,5.53,0.73,7.43,0.99,10,0,Moderate Stress
AQ0485,27.72,85.39,Kathmandu,shallow_tube,wet,urban,61.65,20.8,14.45,271.82,18.8,678.05,3.01,0.48,6.72,2.07,11,2,Moderate Stress
AQ0486,27.78,85.33,Kathmandu,shallow_tube,dry,agriculture,62.54,23.4,38.4,228.56,5.95,465.13,3.07,0.11,6.33,1.16,7,2,Moderate Stress
AQ0487,27.61,85.38,Kathmandu,deep_tube,wet,urban,142.59,9.34,6.13,150.54,24.54,513.9,5.94,0.12,6.26,0.93,13,2,Moderate Stress
AQ0488,27.66,85.31,Lalitpur,deep_tube,dry,urban,106.24,29.2,20.97,427.91,20.41,595.47,2.66,0.49,6.69,0.89,1,2,Moderate Stress
AQ0489,27.79,85.26,Kathmandu,deep_tube,dry,peri-urban,103.81,22.9,40.11,988.45,24.64,150.0,1.98,0.84,7.96,1.43,9,0,Moderate Stress
AQ0490,27.78,85.41,Kathmandu,deep_tube,wet,peri-urban,150.8,52.76,30.38,786.37,25.89,281.49,5.72,0.28,7.03,0.94,9,1,Critical Depletion Zone
AQ0491,27.69,85.41,Kathmandu,deep_tube,wet,urban,110.15,8.68,16.75,545.09,32.54,532.11,9.81,0.78,7.64,1.85,5,0,Moderate Stress
AQ0492,27.72,85.38,Kathmandu,shallow_tube,wet,peri-urban,63.83,6.86,36.27,708.96,19.55,156.25,2.88,0.69,8.04,0.88,9,0,Moderate Stress
AQ0493,27.66,85.27,Kathmandu,deep_tube,dry,urban,205.72,46.14,30.53,367.81,12.05,750.76,9.39,0.23,7.02,1.62,10,1,Critical Depletion Zone
AQ0494,27.64,85.35,Kathmandu,shallow_tube,wet,urban,89.23,3.18,40.83,896.93,21.97,570.97,6.36,0.04,6.58,2.07,13,0,Moderate Stress
AQ0495,27.69,85.29,Lalitpur,deep_tube,dry,urban,179.09,31.58,38.08,122.34,3.21,950.51,4.16,0.1,7.23,1.71,6,1,Critical Depletion Zone
AQ0496,27.67,85.22,Lalitpur,deep_tube,wet,peri-urban,125.35,28.76,32.45,974.16,30.02,433.07,4.51,0.66,8.02,1.31,5,0,Moderate Stress
AQ0497,27.72,85.44,Lalitpur,dug,dry,urban,9.04,3.48,26.97,131.06,4.86,366.65,7.27,0.19,7.81,0.92,13,2,Moderate Stress
AQ0498,27.62,85.24,Kathmandu,shallow_tube,dry,urban,89.52,11.08,10.99,127.52,11.6,610.78,9.91,0.34,6.33,2.3,3,2,Moderate Stress
AQ0499,27.79,85.45,Kathmandu,shallow_tube,dry,urban,26.09,14.19,16.76,458.82,27.38,270.5,4.12,0.46,7.59,1.24,11,0,Moderate Stress
AQ0500,27.8,85.32,Bhaktapur,shallow_tube,wet,peri-urban,75.84,5.71,23.86,484.66,20.31,301.75,4.36,0.66,7.34,1.01,11,2,Moderate Stress
