aquifer_id,lat,lon,well_type,land_use,well_depth_m,water_table_depth_m,tds_mg_per_L,nitrate_mg_per_L,pH,transmissivity_m2_per_day,hydraulic_conductivity_m_per_day
AQ_0001,27.674908023769472,85.43767857660248,shallow_tube,urban,49.72,25.66,339.5,4.588,7.34,561.09,15.2207
AQ_0002,27.60411689885916,85.4424774630405,shallow_tube,urban,32.96,18.8,289.2,5.124,6.0,534.73,29.5343
AQ_0003,27.722370578944478,85.23487346516302,shallow_tube,peri‑urban,26.38,5.11,1115.9,5.321,8.48,342.7,48.3335
AQ_0004,27.721508970380288,85.24263103092183,deep_tube,urban,119.97,12.96,262.5,10.557,7.19,107.26,16.3825
AQ_0005,27.781864080415758,85.2646949954,shallow_tube,urban,21.02,20.02,2500.0,9.505,7.57,286.73,31.9226
AQ_0006,27.63919657248383,85.21130682222764,shallow_tube,peri‑urban,24.86,3.92,687.5,5.169,7.37,61.01,5.3793
AQ_0007,27.760439396150808,85.21863766091994,dug,urban,9.75,8.75,748.1,9.428,6.45,602.55,76.6597
AQ_0008,27.662196464343133,85.28129583050669,shallow_tube,peri‑urban,52.19,24.49,380.3,8.609,7.69,472.45,15.6144
AQ_0009,27.754193435990913,85.3234488990911,shallow_tube,peri‑urban,8.0,7.0,425.1,5.675,7.65,253.83,15.6509
AQ_0010,27.682076584607128,85.38888778463577,deep_tube,urban,109.58,11.49,759.2,5.986,6.94,376.94,8.3457
AQ_0011,27.70786844838313,85.40186003879101,deep_tube,peri‑urban,134.54,19.71,334.2,3.897,7.84,197.93,4.5258
AQ_0012,27.60139042610624,85.32768682564439,shallow_tube,urban,18.77,12.06,314.7,7.308,7.31,49.58,1.3533
AQ_0013,27.67272592047586,85.44294552068024,deep_tube,urban,54.06,14.81,417.2,12.39,7.1,318.21,27.6214
AQ_0014,27.697890552055515,85.44641261352766,dug,urban,10.3,6.95,232.5,12.799,7.9,761.52,26.1603
AQ_0015,27.618057954010883,85.40882562389731,deep_tube,peri‑urban,100.47,11.04,428.9,3.49,6.42,264.1,7.76
AQ_0016,27.634873285801,85.37273443452563,deep_tube,peri‑urban,181.03,13.87,304.8,2.343,7.02,390.08,11.2418
AQ_0017,27.763444440040242,85.33880020289986,shallow_tube,green,15.89,14.89,479.8,9.041,7.85,124.93,2.7536
AQ_0018,27.777417284853023,85.39496888646441,shallow_tube,peri‑urban,29.8,16.63,491.1,2.882,7.29,94.44,2.6135
AQ_0019,27.730392251900522,85.25606732736514,deep_tube,peri‑urban,101.27,20.51,900.1,2.538,7.68,347.82,10.0548
AQ_0020,27.713661720667094,85.22341869195702,deep_tube,peri‑urban,81.51,9.6,739.9,4.281,7.8,384.46,13.9201
AQ_0021,27.715380776925272,85.32312942345472,shallow_tube,urban,49.39,9.0,189.0,15.919,7.09,442.6,77.7094
AQ_0022,27.785663712517547,85.30704603707933,shallow_tube,urban,33.21,20.44,831.6,5.558,7.31,92.28,1.9582
AQ_0023,27.739205959334996,85.34251529252235,dug,urban,8.69,7.69,838.5,12.343,6.72,755.26,41.4714
AQ_0024,27.761872231095705,85.4025283486698,dug,urban,9.55,8.55,596.5,15.895,7.04,458.81,20.9491
AQ_0025,27.618796387968175,85.34457003524905,shallow_tube,urban,39.41,11.26,114.4,9.026,6.96,597.42,55.7414
AQ_0026,27.704448652010964,85.39249838827466,shallow_tube,urban,48.24,6.1,2129.8,17.348,7.21,356.07,18.229
AQ_0027,27.75903723895374,85.26770806281552,shallow_tube,green,28.11,14.2,569.6,9.642,7.03,193.87,11.9224
AQ_0028,27.709845332941224,85.37864898067502,shallow_tube,peri‑urban,21.09,20.09,1766.9,10.195,6.83,89.79,2.2964
AQ_0029,27.602878697725952,85.22901816012673,dug,peri‑urban,9.33,8.33,209.1,7.28,6.55,229.84,9.3721
AQ_0030,27.679700946879475,85.35396252451305,dug,urban,6.68,5.68,1097.0,7.491,6.71,361.82,44.256
AQ_0031,27.728483855641265,85.2066278276354,deep_tube,peri‑urban,182.36,15.88,106.0,8.842,6.89,1353.59,45.8025
AQ_0032,27.788292961755307,85.2965256594502,shallow_tube,peri‑urban,44.21,10.64,345.8,7.745,6.89,188.12,5.1747
AQ_0033,27.725788569355977,85.41936800338176,deep_tube,peri‑urban,190.64,19.41,223.9,3.319,7.57,407.38,8.2179
AQ_0034,27.682523535382288,85.2930045214482,shallow_tube,urban,29.96,23.13,1186.1,7.454,7.85,254.24,13.1035
AQ_0035,27.779104645699242,85.29730041968354,shallow_tube,urban,35.93,10.71,1525.5,10.438,6.7,94.64,2.6839
AQ_0036,27.750474905887536,85.39789476093146,shallow_tube,green,29.51,14.94,92.6,14.75,6.79,193.32,16.9066
AQ_0037,27.752302126343494,85.35455451582907,deep_tube,urban,128.33,16.43,591.6,7.618,7.78,170.64,3.5829
AQ_0038,27.797200212764576,85.38834454631474,shallow_tube,urban,29.22,13.51,497.3,11.547,7.05,249.09,9.5474
AQ_0039,27.61126065513637,85.22970447906702,deep_tube,urban,166.14,9.21,575.4,14.409,6.48,127.25,2.8863
AQ_0040,27.64471916770389,85.44080563486015,shallow_tube,urban,43.36,15.09,428.3,7.527,8.34,346.0,9.5294
AQ_0041,27.690908212953556,85.35688952002101,shallow_tube,urban,53.08,16.28,1852.6,3.962,7.12,84.56,4.0456
AQ_0042,27.716731222370175,85.21943365924125,shallow_tube,agriculture,45.13,28.13,778.0,6.693,7.57,814.67,34.1999
AQ_0043,27.786545696670803,85.41651597237511,shallow_tube,urban,57.69,11.72,120.6,13.911,7.34,312.45,11.9752
AQ_0044,27.682963900467534,85.26835176798268,deep_tube,peri‑urban,150.26,15.33,291.9,6.869,6.67,223.09,4.6542
AQ_0045,27.721234926890176,85.25716070137587,dug,urban,11.18,10.18,224.1,7.446,7.98,274.24,9.6538
AQ_0046,27.770436300063707,85.33797670969362,dug,peri‑urban,11.08,10.08,195.8,4.337,7.52,747.22,20.3695
AQ_0047,27.642592832301784,85.2340928688967,shallow_tube,urban,14.04,13.04,743.8,6.33,7.95,265.27,11.6119
AQ_0048,27.724417340045576,85.41559092718668,dug,urban,7.96,6.96,328.5,7.369,7.76,78.93,4.9932
AQ_0049,27.615172665621735,85.23221993047767,deep_tube,peri‑urban,168.33,8.42,279.2,1.822,7.17,536.77,15.3188
AQ_0050,27.634463974240326,85.24807225470217,deep_tube,agriculture,109.23,11.09,146.6,4.425,7.23,40.25,1.1161
AQ_0051,27.60786242796822,85.39985259972727,dug,peri‑urban,5.9,4.9,369.8,8.368,6.83,397.45,27.5609
AQ_0052,27.674094420558276,85.32113074629775,shallow_tube,peri‑urban,17.27,16.27,1265.1,4.436,7.63,113.42,2.5047
AQ_0053,27.702335488423135,85.33302837131633,shallow_tube,peri‑urban,38.08,8.31,129.9,6.957,7.11,240.62,12.3437
AQ_0054,27.64228960139931,85.28187433804449,dug,urban,13.06,12.06,397.8,9.874,8.39,562.89,14.6036
AQ_0055,27.686331909245936,85.23189507569889,shallow_tube,green,26.87,5.32,764.9,12.509,7.21,276.82,17.6595
AQ_0056,27.62035649452408,85.23821478479609,deep_tube,urban,117.47,11.59,264.2,2.408,7.22,128.6,5.4798
AQ_0057,27.79647572338172,85.22800972554202,shallow_tube,urban,45.85,14.41,472.3,7.11,7.45,114.37,2.4426
AQ_0058,27.71135257860279,85.34290317236747,deep_tube,agriculture,196.65,9.67,269.4,1.994,7.34,27.9,1.7539
AQ_0059,27.622967364947844,85.3526550106104,shallow_tube,peri‑urban,49.58,3.37,381.9,4.03,7.13,180.46,16.3329
AQ_0060,27.612674994094554,85.44749005809749,shallow_tube,urban,55.09,10.96,718.0,5.412,6.84,1752.05,74.4511
AQ_0061,27.6697736533086,85.43238228606197,shallow_tube,peri‑urban,45.57,10.77,425.0,7.405,7.14,273.81,6.7132
AQ_0062,27.64032546400955,85.24091398571643,shallow_tube,peri‑urban,45.92,12.05,490.0,13.02,7.06,533.55,12.7806
AQ_0063,27.687826981714046,85.29423610735623,dug,urban,2.39,1.39,405.2,15.688,7.61,42.63,0.931
AQ_0064,27.724847599182798,85.22922451017709,dug,green,8.5,7.5,216.8,7.769,7.52,1537.66,34.0
AQ_0065,27.757719442244905,85.23791871993319,deep_tube,agriculture,95.43,9.28,1150.9,6.206,7.03,485.3,11.5668
AQ_0066,27.622126347391042,85.41161307293363,shallow_tube,urban,35.95,8.15,293.1,10.889,7.63,739.5,20.4125
AQ_0067,27.708544888669522,85.26294976472674,deep_tube,green,97.08,11.41,450.7,7.507,6.75,38.93,0.8173
AQ_0068,27.630670280623217,85.3465574580042,dug,urban,15.34,14.34,431.8,10.661,7.31,356.08,30.0128
AQ_0069,27.715257672033363,85.35167876159572,dug,peri‑urban,12.78,11.42,200.1,9.547,8.47,380.17,16.5615
AQ_0070,27.61095232776441,85.28379931041148,shallow_tube,urban,24.82,3.42,711.7,8.686,7.03,950.21,62.8974
AQ_0071,27.69048790322654,85.23521425509496,shallow_tube,peri‑urban,39.9,5.77,702.4,6.34,8.12,615.67,110.1527
AQ_0072,27.732707474403345,85.24450899171744,shallow_tube,agriculture,28.01,13.85,400.2,8.452,7.21,245.22,16.9753
AQ_0073,27.779610857888144,85.2512849101205,shallow_tube,urban,78.55,7.25,1057.3,1.23,6.61,294.25,22.3139
AQ_0074,27.772357124202703,85.4365288655334,shallow_tube,peri‑urban,18.89,9.56,183.8,10.384,7.44,134.74,3.8883
AQ_0075,27.605419198500698,85.25549304048324,shallow_tube,urban,50.83,7.1,277.1,10.923,7.08,185.23,4.9392
AQ_0076,27.771139293621257,85.40755496614175,deep_tube,peri‑urban,232.32,7.95,252.5,2.188,6.37,1025.78,22.7092
AQ_0077,27.76348871234769,85.28545433792448,shallow_tube,peri‑urban,29.43,5.14,134.5,9.939,7.82,44.06,1.7892
AQ_0078,27.658893151908384,85.43711332674054,dug,urban,6.37,5.37,389.6,16.782,7.02,238.87,13.9766
AQ_0079,27.708326842932173,85.35836955495654,shallow_tube,peri‑urban,30.66,12.07,162.3,6.664,7.3,114.29,6.5941
AQ_0080,27.71083560050316,85.36285509708797,shallow_tube,urban,32.96,18.69,1243.7,13.037,6.28,89.82,3.1681
AQ_0081,27.60939319335501,85.24157084218902,dug,peri‑urban,6.96,5.96,146.6,8.69,6.74,84.78,2.2696
AQ_0082,27.659424343124638,85.34160116007423,shallow_tube,green,71.22,12.87,427.6,6.612,6.91,275.63,10.083
AQ_0083,27.719368569783377,85.28356097270424,deep_tube,urban,132.39,16.7,453.7,3.995,8.19,240.72,9.7986
AQ_0084,27.649280406647822,85.40477557941855,shallow_tube,peri‑urban,49.49,21.81,618.2,2.094,6.54,208.61,7.0991
AQ_0085,27.774589167175282,85.38305622160239,shallow_tube,urban,48.4,22.57,717.1,7.626,6.44,238.68,4.8272
AQ_0086,27.788811867937323,85.20985670284213,deep_tube,peri‑urban,171.48,16.45,483.8,1.17,6.66,580.55,12.4588
AQ_0087,27.794211649033073,85.43606662227836,shallow_tube,peri‑urban,56.94,14.44,288.8,11.804,7.25,172.71,11.2515
AQ_0088,27.624113377155457,85.21923830040731,deep_tube,urban,97.88,23.95,333.2,5.405,7.41,53.39,1.3157
AQ_0089,27.663750500586413,85.35647284410925,dug,urban,8.8,7.8,423.7,16.886,6.94,771.96,29.0273
AQ_0090,27.725501092643675,85.4184192785466,shallow_tube,urban,14.77,2.69,217.2,9.706,6.7,107.85,6.9525
AQ_0091,27.608418637927272,85.20446848368336,shallow_tube,peri‑urban,39.48,16.64,1184.2,3.096,7.12,129.15,2.8984
AQ_0092,27.788946404458283,85.31685037781247,deep_tube,urban,93.86,17.68,449.4,6.477,7.34,1782.37,115.888
AQ_0093,27.635305606401104,85.25512155226755,shallow_tube,urban,48.33,10.64,282.7,9.341,7.91,158.36,4.36
AQ_0094,27.63077918126797,85.40395828124765,deep_tube,urban,114.74,10.07,2083.1,7.814,6.78,285.21,6.4112
AQ_0095,27.653120008517742,85.2323787303207,dug,urban,8.86,7.86,634.3,13.508,6.51,139.31,3.7097
AQ_0096,27.699175147015755,85.22026155397691,shallow_tube,urban,50.42,7.57,50.0,9.475,7.86,101.09,3.319
AQ_0097,27.653405654033886,85.4196574965888,shallow_tube,green,48.86,22.76,710.4,10.009,7.7,851.34,21.901
AQ_0098,27.631721021058617,85.42021768979974,shallow_tube,agriculture,37.49,16.03,930.8,3.353,7.41,344.4,12.3723
AQ_0099,27.60127717434337,85.27175953329373,shallow_tube,urban,42.87,15.33,154.4,10.409,7.95,296.59,30.2212
AQ_0100,27.752205580500405,85.33531664466904,deep_tube,agriculture,145.24,16.95,612.2,5.56,6.98,291.99,15.7465
AQ_0101,27.741634417729056,85.2168376503672,deep_tube,green,59.5,21.76,285.8,5.383,7.38,164.16,26.8825
AQ_0102,27.6044247103058,85.28090255478739,deep_tube,urban,228.28,14.54,271.2,10.643,6.48,43.05,3.4823
AQ_0103,27.75896190974999,85.37342055644538,shallow_tube,urban,56.83,24.17,342.3,6.277,8.12,106.21,4.6395
AQ_0104,27.654843040469736,85.44599441198996,shallow_tube,urban,53.47,13.55,243.2,3.148,6.57,793.52,18.0771
AQ_0105,27.69464198133831,85.44204835697869,shallow_tube,green,44.05,13.39,656.5,11.392,7.52,723.99,66.3848
AQ_0106,27.60650523589825,85.43021196195393,shallow_tube,peri‑urban,58.74,18.44,194.4,5.477,6.86,1055.97,75.2993
AQ_0107,27.698318909348288,85.21605223426879,shallow_tube,urban,16.13,15.13,256.5,10.263,6.97,35.96,1.1237
AQ_0108,27.65833251574186,85.37374547153163,deep_tube,green,168.61,18.35,393.3,3.287,7.07,181.06,3.6652
AQ_0109,27.628499108580304,85.32472203836284,shallow_tube,peri‑urban,62.55,21.14,342.7,6.713,6.76,257.65,12.3998
AQ_0110,27.606640621758274,85.21964462428876,dug,urban,5.0,4.0,1407.9,11.926,7.9,523.83,81.576
AQ_0111,27.78724244924874,85.21299282091287,deep_tube,peri‑urban,240.6,17.51,526.8,7.044,6.91,597.45,14.3386
AQ_0112,27.616022969276937,85.42370416401513,shallow_tube,peri‑urban,59.76,16.38,1709.8,5.564,7.02,294.45,38.1614
AQ_0113,27.64942064680203,85.2398861700283,dug,peri‑urban,7.04,6.04,576.8,6.572,8.5,231.4,6.1932
AQ_0114,27.64569094826626,85.44908347901419,shallow_tube,agriculture,40.57,15.84,614.6,2.293,7.75,228.81,6.0655
AQ_0115,27.748541304239996,85.30637333361202,dug,green,4.32,3.32,468.1,10.334,7.15,1039.11,23.4542
AQ_0116,27.780140372802254,85.30543023171836,dug,urban,9.96,3.97,1124.4,13.464,7.45,307.97,23.5347
AQ_0117,27.647508664984777,85.4428487735104,shallow_tube,peri‑urban,44.86,12.96,126.0,9.202,7.59,25.6,1.2096
AQ_0118,27.718590170286987,85.24088096814626,shallow_tube,urban,45.61,14.39,703.9,2.889,6.97,329.86,6.7814
AQ_0119,27.69075790827673,85.25901261583662,deep_tube,urban,45.24,16.78,333.6,8.701,7.52,82.09,2.2305
AQ_0120,27.633408381580193,85.24190480407208,shallow_tube,peri‑urban,35.18,29.54,522.6,9.217,7.05,338.74,33.7515
AQ_0121,27.6539499223034,85.21427171402233,shallow_tube,peri‑urban,50.91,15.36,668.0,6.339,6.91,251.87,21.5722
AQ_0122,27.79732602459177,85.44127967410901,shallow_tube,green,53.74,17.43,804.4,0.1,6.76,345.22,54.375
AQ_0123,27.66158598831824,85.37617019068416,shallow_tube,peri‑urban,49.19,7.63,258.5,15.083,7.47,120.03,2.81
AQ_0124,27.788922843894806,85.37081200707242,shallow_tube,urban,76.05,14.6,460.5,8.304,7.3,358.11,10.1038
AQ_0125,27.643135030479545,85.36472136755816,shallow_tube,urban,64.5,6.98,494.4,7.975,7.17,325.21,7.3604
AQ_0126,27.756477096811654,85.34175406524668,shallow_tube,peri‑urban,48.47,17.49,123.0,5.537,7.5,438.08,10.7106
AQ_0127,27.687116662962588,85.40445855404376,dug,urban,8.36,7.36,163.5,5.489,6.42,196.1,8.997
AQ_0128,27.64545392545263,85.21829898094211,deep_tube,green,232.1,22.07,247.1,11.757,7.69,192.79,6.7982
AQ_0129,27.695836375525946,85.20641051645161,dug,urban,4.53,3.53,1100.2,5.235,7.54,396.17,10.6167
AQ_0130,27.79110473919099,85.2045581456691,shallow_tube,green,51.38,16.97,430.3,5.114,7.11,389.13,40.6875
AQ_0131,27.697174351837266,85.26419414193013,deep_tube,agriculture,100.57,7.27,453.7,9.176,7.66,71.17,1.9118
AQ_0132,27.654524800146707,85.30338727538134,shallow_tube,urban,37.99,13.89,203.0,9.279,6.9,322.88,10.5762
AQ_0133,27.651312556740272,85.4407317188094,deep_tube,peri‑urban,219.87,14.47,266.7,5.191,7.44,279.45,8.7131
AQ_0134,27.76383777188536,85.4210516158371,shallow_tube,green,29.47,10.36,149.9,14.448,7.06,456.03,29.1223
AQ_0135,27.756105103048775,85.26870150888703,shallow_tube,urban,35.58,23.73,249.6,8.956,8.31,92.87,7.3938
AQ_0136,27.747374748988836,85.41569926938581,deep_tube,urban,140.74,14.09,412.5,4.559,7.68,1465.39,94.9236
AQ_0137,27.678181199181104,85.34861908379655,shallow_tube,green,44.72,14.99,534.7,4.705,8.04,160.55,4.44
AQ_0138,27.798251198740438,85.23209857236354,dug,urban,8.91,7.91,128.4,7.515,6.65,141.52,6.747
AQ_0139,27.61388476854922,85.32976494772707,dug,peri‑urban,8.7,4.11,504.3,10.165,6.61,93.19,2.6531
AQ_0140,27.798827872244235,85.36545979746235,shallow_tube,peri‑urban,65.09,17.93,244.2,7.644,6.7,413.64,14.2084
AQ_0141,27.619335289929346,85.31259273406455,shallow_tube,urban,28.97,23.65,858.7,11.463,6.93,81.11,6.8393
AQ_0142,27.798496700431677,85.43175024198108,shallow_tube,urban,58.2,15.99,2028.4,6.626,6.94,333.89,7.9171
AQ_0143,27.756405617534078,85.37718617443575,shallow_tube,green,28.21,5.68,110.6,8.509,8.28,101.12,3.5851
AQ_0144,27.783878394642883,85.32424087072646,deep_tube,urban,154.09,14.31,761.1,4.129,7.33,323.38,7.9745
AQ_0145,27.66093582781961,85.22022982076281,shallow_tube,urban,22.18,12.53,193.6,13.817,7.74,365.48,33.336
AQ_0146,27.772402896454526,85.43068929762835,dug,peri‑urban,15.39,12.9,253.7,9.102,6.67,195.84,9.0922
AQ_0147,27.6136344618771,85.20645297673738,shallow_tube,urban,47.62,15.38,113.3,5.591,6.73,222.78,6.5839
AQ_0148,27.64320763650192,85.35489698872446,shallow_tube,peri‑urban,25.5,17.92,247.0,9.786,7.27,190.91,3.8751
AQ_0149,27.647836020843187,85.2355623421718,shallow_tube,urban,34.49,10.05,494.3,3.428,7.28,250.61,6.0201
AQ_0150,27.723043887646202,85.27656340519665,dug,agriculture,9.5,8.5,192.6,8.806,6.52,208.86,9.6921
AQ_0151,27.682825950505787,85.40688447389172,deep_tube,peri‑urban,193.93,20.34,391.7,4.477,7.0,246.98,14.7967
AQ_0152,27.752057964624427,85.23427742643226,deep_tube,peri‑urban,76.05,16.28,395.7,6.738,7.26,114.78,4.5105
AQ_0153,27.768871416547924,85.22452064519607,dug,urban,4.42,3.42,906.2,6.671,6.76,40.46,1.0034
AQ_0154,27.778416937788048,85.43883367162599,shallow_tube,agriculture,29.96,22.28,261.8,11.751,7.16,522.46,15.5151
AQ_0155,27.731870784441156,85.42377943517664,shallow_tube,agriculture,59.53,25.93,409.1,3.491,7.24,991.45,27.8416
AQ_0156,27.608334580120477,85.22119800401146,deep_tube,urban,131.73,16.29,155.8,2.085,7.8,147.81,4.2522
AQ_0157,27.637039113573493,85.24352733383353,shallow_tube,urban,44.24,10.05,231.4,7.744,7.7,136.46,4.1214
AQ_0158,27.67638792793058,85.2514218155489,shallow_tube,agriculture,44.22,8.52,626.8,11.325,6.88,525.18,10.6963
AQ_0159,27.720376317927265,85.34560566455181,shallow_tube,peri‑urban,51.19,19.15,220.0,7.769,6.68,51.85,2.093
AQ_0160,27.722587916498906,85.43576895943617,dug,green,6.55,5.55,463.5,7.735,7.63,156.8,3.5831
AQ_0161,27.769302867738055,85.42973163340989,deep_tube,green,191.88,9.3,935.5,4.58,7.64,449.9,13.0302
AQ_0162,27.635485753893942,85.33625672972424,deep_tube,agriculture,169.98,10.44,276.3,6.759,7.82,254.29,6.6961
AQ_0163,27.70844744109837,85.3475869226147,dug,peri‑urban,2.3,1.3,1421.4,11.237,7.84,428.38,35.1037
AQ_0164,27.69231149488396,85.20233290495678,shallow_tube,green,52.43,8.51,985.4,4.752,8.03,342.82,10.4775
AQ_0165,27.637604946923084,85.28884614217144,deep_tube,agriculture,163.9,25.18,145.0,1.681,6.97,129.7,2.9178
AQ_0166,27.79926686752545,85.29207738262672,deep_tube,urban,236.35,12.2,468.1,7.798,6.49,61.12,1.6836
AQ_0167,27.60064365272086,85.35489733436496,shallow_tube,urban,57.5,10.99,454.1,4.898,6.92,289.77,9.3177
AQ_0168,27.712296917591907,85.34016502360404,deep_tube,agriculture,231.55,21.7,258.3,7.484,7.2,714.36,84.3638
AQ_0169,27.611710185848796,85.28355957967402,shallow_tube,agriculture,50.45,21.69,425.5,11.634,6.98,123.05,5.0163
AQ_0170,27.617720085935925,85.25515298817781,shallow_tube,urban,62.7,19.42,195.3,13.743,7.03,308.21,13.1458
AQ_0171,27.767960457127124,85.29595823798326,shallow_tube,urban,68.27,25.8,284.1,3.314,6.94,463.41,16.3671
AQ_0172,27.659745114717754,85.43516981127884,dug,urban,6.6,3.84,573.1,8.108,7.19,1032.01,41.8524
AQ_0173,27.74590164573048,85.39137822474778,shallow_tube,agriculture,45.32,7.31,527.5,6.564,7.15,212.41,12.661
AQ_0174,27.6493957598144,85.42656364513026,deep_tube,urban,107.99,8.54,323.4,13.588,7.19,137.51,21.1143
AQ_0175,27.612530640691073,85.42660936333611,shallow_tube,urban,41.52,7.08,116.5,6.528,7.32,268.09,8.875
AQ_0176,27.78736449240662,85.2130644698215,deep_tube,peri‑urban,71.87,11.3,697.5,1.237,7.35,84.45,3.2636
AQ_0177,27.79440106592631,85.35213181817412,deep_tube,urban,109.58,12.79,296.7,3.374,7.52,174.48,5.7669
AQ_0178,27.704678182274876,85.2286922179673,deep_tube,urban,171.44,19.85,452.6,3.899,6.79,267.84,10.4527
AQ_0179,27.69693925742601,85.24144363504082,deep_tube,urban,127.58,29.07,1380.7,1.897,6.84,265.2,9.4502
AQ_0180,27.761280723446568,85.31480996939925,dug,urban,6.06,5.06,285.3,8.521,7.36,204.3,4.5826
AQ_0181,27.774115685009203,85.25969905284539,shallow_tube,urban,44.76,14.78,383.3,7.339,7.11,2000.0,205.2057
AQ_0182,27.731356020944858,85.40552579015007,shallow_tube,peri‑urban,59.64,11.02,111.0,9.566,8.14,593.18,14.501
AQ_0183,27.67919409453249,85.42877251710176,shallow_tube,peri‑urban,21.71,15.82,795.7,8.553,7.03,181.01,13.6198
AQ_0184,27.778797942001574,85.36357313808125,shallow_tube,peri‑urban,37.01,6.86,239.0,10.023,7.21,773.74,15.9466
AQ_0185,27.68355219585502,85.44602757975913,dug,green,11.45,10.45,174.0,4.297,7.79,1984.48,53.1022
AQ_0186,27.778051610603562,85.21985164616076,shallow_tube,peri‑urban,27.92,19.18,483.5,8.617,6.7,622.26,23.7482
AQ_0187,27.764327379542095,85.31481629929331,shallow_tube,peri‑urban,38.63,0.5,282.2,8.847,7.62,387.16,40.6314
AQ_0188,27.64797482255119,85.23549299744025,shallow_tube,urban,30.06,0.79,682.6,13.638,7.15,666.18,13.5791
AQ_0189,27.72682842765915,85.23156618539113,shallow_tube,urban,22.31,21.31,288.9,6.478,7.0,380.27,8.9125
AQ_0190,27.655855217690885,85.36072047751468,shallow_tube,agriculture,41.9,28.57,198.6,3.133,7.71,87.19,1.8463
AQ_0191,27.77424089645261,85.39151619413383,shallow_tube,urban,49.52,22.77,532.9,7.63,6.72,281.9,11.2234
AQ_0192,27.692071654240387,85.41614090238068,shallow_tube,urban,8.0,7.0,275.0,13.018,7.55,176.46,9.7222
AQ_0193,27.782154032328783,85.3884904758992,shallow_tube,urban,53.33,11.31,634.6,4.403,7.38,1087.9,116.4274
AQ_0194,27.64837876565177,85.20310100906933,dug,urban,2.34,1.34,129.9,12.553,7.41,513.25,16.1935
AQ_0195,27.778460499627933,85.24633254488218,deep_tube,peri‑urban,144.78,13.82,420.1,8.486,6.74,302.52,32.7988
AQ_0196,27.781925363887318,85.36730006573453,deep_tube,peri‑urban,182.66,33.81,112.7,2.936,7.94,188.64,5.8792
AQ_0197,27.778504657990972,85.3108450035948,shallow_tube,peri‑urban,64.18,24.2,1260.7,8.414,6.72,256.11,11.483
AQ_0198,27.697533413724255,85.36305606488636,dug,urban,8.37,7.37,412.4,13.61,6.83,86.96,3.3112
AQ_0199,27.60912974910048,85.23500602438833,shallow_tube,peri‑urban,36.7,0.53,548.9,2.683,7.24,77.9,14.8443
AQ_0200,27.601532806529846,85.25476720227547,shallow_tube,urban,56.27,10.96,559.8,14.66,7.12,427.75,47.9582
AQ_0201,27.723413303223563,85.22845959836916,shallow_tube,urban,41.55,0.5,394.8,16.704,7.0,148.29,6.5164
AQ_0202,27.684365635707767,85.30275526881638,shallow_tube,green,44.01,18.56,132.2,11.804,7.27,152.88,4.2589
AQ_0203,27.622897527613183,85.29595972076125,shallow_tube,urban,8.0,7.0,345.0,6.149,7.09,148.63,3.1371
AQ_0204,27.733714529344585,85.36966748916815,dug,peri‑urban,11.53,2.86,462.3,11.645,6.89,333.84,7.3194
AQ_0205,27.613288768871158,85.33349186813695,shallow_tube,urban,14.54,10.48,2500.0,3.762,7.28,109.87,5.3747
AQ_0206,27.745834697509892,85.36307291214798,deep_tube,peri‑urban,173.55,20.92,1450.4,2.764,6.73,104.15,2.5712
AQ_0207,27.689283903280316,85.39959508512959,shallow_tube,urban,44.33,16.82,364.1,9.027,6.28,638.08,19.9098
AQ_0208,27.741117172528767,85.37210125462303,dug,urban,4.73,3.73,184.5,10.535,7.86,763.57,37.5641
AQ_0209,27.614342377769532,85.3024072237238,shallow_tube,urban,56.65,6.72,127.9,14.847,8.15,172.74,15.2531
AQ_0210,27.697117939931882,85.20688417996737,deep_tube,urban,177.31,15.04,294.7,4.671,7.16,185.95,15.24
AQ_0211,27.604670419265638,85.38905340348755,shallow_tube,peri‑urban,12.94,11.94,374.7,10.129,7.79,336.02,6.8185
AQ_0212,27.657681087563752,85.4402838713519,dug,peri‑urban,3.38,2.38,579.3,0.1,8.07,1489.95,37.9262
AQ_0213,27.766729992387518,85.31011033757811,shallow_tube,urban,24.05,8.89,165.4,10.026,7.68,58.07,5.1556
AQ_0214,27.68880874984044,85.35655858035527,shallow_tube,urban,8.0,7.0,864.5,14.985,6.97,229.68,8.7003
AQ_0215,27.708604916791533,85.2569374340258,shallow_tube,peri‑urban,43.99,27.38,310.5,9.811,7.51,186.0,3.9174
AQ_0216,27.629759193881025,85.31566890126635,dug,urban,7.96,6.96,478.3,11.443,7.52,139.94,6.2491
AQ_0217,27.70225509244015,85.3230813700003,dug,green,11.17,10.17,384.9,9.994,7.41,824.68,17.1729
AQ_0218,27.64009490310568,85.22731605257741,shallow_tube,urban,37.08,22.94,606.0,0.1,8.18,206.09,5.4926
AQ_0219,27.738506486307422,85.23360878235204,shallow_tube,agriculture,25.43,5.34,257.9,8.641,6.93,496.09,87.8937
AQ_0220,27.747573903712308,85.40853614925017,shallow_tube,agriculture,30.38,18.02,700.5,10.556,7.49,358.23,10.9847
AQ_0221,27.617720942793937,85.32190695241681,shallow_tube,green,37.55,9.79,249.3,6.311,7.25,224.45,4.7108
AQ_0222,27.61446329505159,85.43877880182293,shallow_tube,green,11.6,10.6,400.3,6.521,7.11,267.06,32.2513
AQ_0223,27.680574656526527,85.27382262351199,deep_tube,peri‑urban,111.54,8.42,714.9,4.419,7.07,50.32,3.3167
AQ_0224,27.72809520843517,85.4447452787937,shallow_tube,peri‑urban,15.21,14.21,219.9,10.448,6.0,289.61,9.2339
AQ_0225,27.72495677255788,85.21794395155663,deep_tube,peri‑urban,94.73,20.48,721.9,6.678,7.32,747.87,26.3263
AQ_0226,27.628575192267885,85.39383653760079,deep_tube,peri‑urban,148.72,2.62,246.0,3.772,6.94,282.41,7.2994
AQ_0227,27.663517359052225,85.20003367325113,shallow_tube,urban,30.61,15.11,780.6,2.215,7.61,124.93,6.4959
AQ_0228,27.620378477613205,85.29005847970011,shallow_tube,peri‑urban,50.93,11.58,821.1,7.468,7.63,223.98,10.1906
AQ_0229,27.792815683298024,85.22232238113139,shallow_tube,peri‑urban,39.02,28.87,1199.4,4.535,7.68,672.07,13.8651
AQ_0230,27.75220755805016,85.43769317693284,shallow_tube,urban,24.17,22.41,461.2,7.367,7.13,174.39,3.6289
AQ_0231,27.700080229142042,85.30818228400493,dug,urban,3.68,2.68,149.6,4.85,7.82,193.52,4.4729
AQ_0232,27.64239881093973,85.36433837054254,shallow_tube,urban,55.59,14.47,639.6,4.823,6.83,178.95,5.2135
AQ_0233,27.747719491626466,85.27890683594084,shallow_tube,urban,22.16,21.16,212.9,11.366,6.76,80.76,10.6061
AQ_0234,27.622302442464257,85.32896547567809,shallow_tube,peri‑urban,51.11,11.41,340.9,4.481,7.59,36.36,1.1442
AQ_0235,27.60198476422557,85.31602378986338,shallow_tube,urban,40.34,18.83,175.0,12.213,7.26,862.23,17.625
AQ_0236,27.62511004295253,85.2042369162224,shallow_tube,peri‑urban,50.09,19.14,312.2,3.367,7.69,138.06,4.877
AQ_0237,27.66961911863366,85.29293482372658,shallow_tube,urban,42.47,15.36,451.6,9.634,6.06,118.21,6.3445
AQ_0238,27.613138971790875,85.25705884087343,shallow_tube,green,38.45,3.5,353.7,10.274,7.47,260.54,31.0086
AQ_0239,27.673136149652276,85.25634531700169,shallow_tube,peri‑urban,34.37,12.78,981.0,9.565,7.36,186.01,5.533
AQ_0240,27.6776331412254,85.36853257388402,deep_tube,peri‑urban,109.46,6.2,339.6,6.399,7.69,235.26,6.3848
AQ_0241,27.61244064523294,85.23682576106974,shallow_tube,urban,23.66,13.91,410.7,7.963,8.21,251.36,29.8151
AQ_0242,27.65494076300958,85.401741372721,shallow_tube,peri‑urban,72.81,1.74,269.6,5.58,6.49,201.97,27.8621
AQ_0243,27.768729932810366,85.44529813229103,deep_tube,green,172.39,17.6,413.7,5.996,6.99,68.55,2.1618
AQ_0244,27.614616312405403,85.35558581615432,shallow_tube,peri‑urban,46.39,15.13,255.3,8.848,6.72,485.97,14.366
AQ_0245,27.733320095809326,85.24067493595214,shallow_tube,peri‑urban,62.26,17.49,321.3,5.043,7.51,211.77,13.8495
AQ_0246,27.72687273777434,85.25551896767334,shallow_tube,urban,53.23,11.84,287.8,7.941,7.19,169.39,4.8662
AQ_0247,27.62370052471963,85.2722212347273,shallow_tube,urban,51.16,13.73,253.9,10.926,7.32,281.97,5.8999
AQ_0248,27.715424517207666,85.28928028982513,shallow_tube,peri‑urban,29.73,20.53,100.7,10.961,6.84,154.98,3.3458
AQ_0249,27.62036073658991,85.32648947693373,shallow_tube,urban,33.89,19.8,430.8,8.936,7.47,2000.0,51.0922
AQ_0250,27.65649921319457,85.28826259790007,shallow_tube,urban,37.16,21.45,365.8,12.021,7.4,86.58,6.4726
AQ_0251,27.66631293981344,85.41375755040498,shallow_tube,urban,8.0,7.0,543.0,11.342,7.54,649.02,54.9006
AQ_0252,27.775176616703412,85.334773638184,shallow_tube,peri‑urban,31.41,3.33,648.5,0.1,6.66,104.88,6.8241
AQ_0253,27.600294764417264,85.382336198522,dug,peri‑urban,11.65,10.65,335.4,9.916,7.8,114.04,2.7311
AQ_0254,27.636322793551322,85.29273525203945,dug,urban,12.38,2.96,263.1,11.955,7.44,158.53,5.0698
AQ_0255,27.79044435713952,85.21060557455172,dug,urban,9.95,4.48,835.3,6.313,8.2,2000.0,92.5171
AQ_0256,27.786584972513936,85.40687657996831,shallow_tube,urban,56.23,21.97,708.2,8.25,7.53,350.28,20.2085
AQ_0257,27.761414180773343,85.24881015073913,shallow_tube,urban,20.51,6.44,839.0,15.358,6.0,235.46,19.0867
AQ_0258,27.75724113045221,85.3836109830189,shallow_tube,agriculture,35.59,14.5,138.2,7.453,7.3,718.51,14.8095
AQ_0259,27.610333744331594,85.32619889957614,shallow_tube,urban,50.48,17.95,564.5,6.185,6.7,199.85,4.5484
AQ_0260,27.631454641635944,85.27744696480228,dug,peri‑urban,10.08,9.08,840.0,8.103,7.76,1175.24,27.6674
AQ_0261,27.781217412096254,85.20303919286935,deep_tube,urban,131.54,16.0,115.4,6.226,6.69,84.72,2.5705
AQ_0262,27.666809993133754,85.38317476264757,shallow_tube,peri‑urban,29.72,13.94,244.4,9.96,6.64,671.9,89.0364
AQ_0263,27.674784209402564,85.43611214567358,shallow_tube,peri‑urban,60.81,23.03,174.5,8.655,6.99,307.87,17.5893
AQ_0264,27.655263821693172,85.30800473189863,deep_tube,urban,83.58,15.54,1154.0,3.16,6.88,975.23,47.3562
AQ_0265,27.679522475710574,85.26606906578967,dug,urban,7.75,4.85,209.8,10.115,6.84,287.99,34.2791
AQ_0266,27.790284644169112,85.27432269757684,dug,peri‑urban,8.59,7.59,1141.9,10.08,7.61,99.77,2.7112
AQ_0267,27.722001483415898,85.27822684855342,shallow_tube,urban,49.83,4.24,344.1,12.274,6.77,970.46,170.4726
AQ_0268,27.716585211360854,85.26327538479491,shallow_tube,peri‑urban,48.58,14.56,878.8,4.94,6.77,223.35,5.7746
AQ_0269,27.782909732769713,85.3085052431772,dug,peri‑urban,6.69,3.75,1361.3,12.333,7.6,114.76,12.5938
AQ_0270,27.63985406729336,85.41936751166362,shallow_tube,urban,28.24,10.17,210.6,2.817,8.05,196.53,6.084
AQ_0271,27.734574333719618,85.22028729463406,deep_tube,green,174.98,18.3,421.8,7.228,7.44,92.88,2.4169
AQ_0272,27.747583478670805,85.33036225604172,dug,urban,7.44,6.44,445.5,11.335,7.61,201.49,5.7584
AQ_0273,27.757477405350468,85.31358635576692,shallow_tube,peri‑urban,19.92,18.92,261.7,12.371,7.47,289.7,36.7631
AQ_0274,27.764948647469403,85.27309577760305,deep_tube,urban,130.64,14.68,407.2,0.1,7.19,143.98,3.0818
AQ_0275,27.621078643621562,85.39111018201888,shallow_tube,urban,66.24,7.87,245.2,4.678,7.47,108.89,2.4374
AQ_0276,27.762825137118234,85.37128357746862,shallow_tube,peri‑urban,35.03,10.71,187.1,5.099,6.13,382.88,18.3018
AQ_0277,27.765711119581216,85.39732321207993,dug,peri‑urban,9.65,8.65,366.4,7.756,7.55,251.81,5.6671
AQ_0278,27.62051359251672,85.29818268581786,deep_tube,peri‑urban,158.76,35.9,517.3,4.059,7.66,367.83,8.4278
AQ_0279,27.749671170733148,85.30980265031243,dug,green,4.69,3.69,200.3,10.074,6.99,197.43,15.8735
AQ_0280,27.600398427043814,85.37968490446339,shallow_tube,urban,41.68,27.21,328.6,8.046,7.09,195.33,6.8862
AQ_0281,27.72155053661913,85.26133807854156,shallow_tube,urban,37.81,10.85,238.8,7.704,7.71,1329.04,56.0544
AQ_0282,27.68578886668603,85.33522625095952,shallow_tube,urban,56.29,22.39,400.1,3.168,7.36,523.68,18.0811
AQ_0283,27.623078928435785,85.35140947233086,deep_tube,agriculture,133.21,9.47,541.8,2.582,6.96,89.47,1.9748
AQ_0284,27.640863276679795,85.32695126598969,dug,green,7.1,6.1,2500.0,4.806,6.65,488.85,89.7125
AQ_0285,27.744688732470983,85.3339141498369,shallow_tube,agriculture,45.58,17.72,385.4,10.339,7.08,784.92,59.2176
AQ_0286,27.770994803912295,85.42063996919309,shallow_tube,urban,28.0,14.56,951.1,8.137,7.06,530.6,18.0605
AQ_0287,27.793613162410153,85.21664118197856,shallow_tube,green,30.9,16.48,926.6,5.692,6.66,144.1,6.9366
AQ_0288,27.674506654751912,85.217178419431,shallow_tube,agriculture,30.93,0.5,749.5,12.368,7.1,1352.31,258.1184
AQ_0289,27.760898928486366,85.39320239332258,shallow_tube,urban,28.99,15.57,550.9,13.277,7.58,411.87,14.5485
AQ_0290,27.628064903638705,85.36778936834493,shallow_tube,peri‑urban,61.05,19.89,293.3,8.014,7.38,297.63,7.6039
AQ_0291,27.719431061198062,85.36353318425697,shallow_tube,agriculture,42.86,21.59,194.2,8.563,6.71,527.45,37.4037
AQ_0292,27.662765361644883,85.26037515699821,deep_tube,urban,131.47,5.16,404.4,8.646,7.31,170.37,7.6655
AQ_0293,27.764366189317073,85.36487769216019,deep_tube,urban,117.11,20.98,186.3,7.671,7.29,389.19,19.8534
AQ_0294,27.653902372458457,85.24773164626791,shallow_tube,peri‑urban,24.8,19.91,137.5,10.163,7.48,412.39,10.5098
AQ_0295,27.637544481138452,85.22209623674613,shallow_tube,urban,25.76,24.76,289.9,6.099,7.37,71.49,10.5854
AQ_0296,27.73336947826113,85.28075683643853,deep_tube,urban,183.54,12.95,288.0,6.934,6.85,276.37,29.8095
AQ_0297,27.79977852240666,85.28165981235648,shallow_tube,peri‑urban,51.35,19.29,196.3,4.38,7.81,155.0,5.0855
AQ_0298,27.662555597842072,85.36358550137318,shallow_tube,agriculture,49.33,24.3,524.4,11.09,7.68,325.68,10.368
AQ_0299,27.716190075977636,85.44766978926644,shallow_tube,urban,34.73,25.94,225.6,10.741,7.55,283.95,6.0658
AQ_0300,27.6683810556211,85.33191936655543,dug,green,9.88,8.88,264.2,7.644,7.79,638.01,29.2794
AQ_0301,27.788338397331607,85.2418392580592,dug,peri‑urban,13.89,12.89,812.0,10.401,7.4,110.37,3.4526
AQ_0302,27.63587120205785,85.37628478639265,shallow_tube,peri‑urban,69.81,11.28,316.4,6.123,7.46,724.99,19.8715
AQ_0303,27.76763099499773,85.40070273370613,shallow_tube,peri‑urban,40.65,18.91,68.1,4.879,6.37,384.71,8.2807
AQ_0304,27.71663816085542,85.34821004512703,shallow_tube,peri‑urban,33.01,13.94,379.8,4.068,7.67,308.12,6.8882
AQ_0305,27.731809082026448,85.25280795786824,dug,urban,9.89,8.89,748.6,8.242,7.33,481.9,9.8745
AQ_0306,27.693001903505287,85.41184698264284,shallow_tube,urban,37.26,11.61,508.6,10.615,7.1,137.58,16.7849
AQ_0307,27.642158620310006,85.25734144425942,shallow_tube,urban,14.05,13.05,121.5,7.603,6.6,108.62,7.0244
AQ_0308,27.62593579564485,85.26411576525419,shallow_tube,urban,60.54,7.03,306.7,12.033,6.24,221.71,7.3043
AQ_0309,27.760760978096695,85.23428712203818,shallow_tube,urban,42.76,33.85,511.0,3.356,6.78,245.12,9.5446
AQ_0310,27.661292693608566,85.40559530279634,shallow_tube,urban,38.25,10.55,1351.1,6.908,7.76,431.3,9.8473
AQ_0311,27.662775099344497,85.33450567634098,shallow_tube,urban,35.82,20.92,386.5,4.493,6.0,77.19,1.807
AQ_0312,27.67228075581344,85.41494866870292,dug,urban,2.89,1.89,1194.5,5.79,8.15,918.03,33.9594
AQ_0313,27.728949049715364,85.25745668144941,shallow_tube,peri‑urban,8.55,7.55,214.2,9.061,6.91,127.95,8.6209
AQ_0314,27.636567555973766,85.40642773789017,dug,urban,9.14,8.14,419.4,8.923,6.93,650.39,72.9482
AQ_0315,27.711356982185638,85.41128021287402,shallow_tube,peri‑urban,32.03,18.39,184.9,8.135,7.02,384.75,22.8391
AQ_0316,27.60013067815226,85.41766725853138,deep_tube,peri‑urban,176.74,23.6,256.0,6.375,6.16,156.61,16.9861
AQ_0317,27.697226097042986,85.43018491258566,shallow_tube,urban,30.16,9.87,381.0,13.804,7.18,94.66,3.8876
AQ_0318,27.71938213810933,85.44988942581261,dug,urban,6.42,5.42,305.5,7.324,7.27,45.47,1.3913
AQ_0319,27.782121143442886,85.32746350238762,dug,urban,6.05,5.05,416.1,9.85,6.42,196.42,27.1576
AQ_0320,27.744919657369525,85.22789824998931,shallow_tube,urban,17.24,16.24,298.9,5.617,7.91,152.86,14.3569
AQ_0321,27.754554283933018,85.25923333122667,deep_tube,peri‑urban,184.28,27.94,353.7,7.006,7.25,704.97,17.6747
AQ_0322,27.646885120002302,85.28627093637832,shallow_tube,urban,47.58,16.37,650.7,4.006,7.63,173.65,3.6464
AQ_0323,27.7769710235392,85.38476674398484,deep_tube,urban,101.87,8.13,800.6,11.229,6.9,208.06,8.3471
AQ_0324,27.65220970524697,85.28584667554442,deep_tube,peri‑urban,126.58,6.92,185.8,5.895,7.17,368.47,13.3658
AQ_0325,27.649331723161083,85.31774006310869,shallow_tube,urban,58.09,20.44,554.5,14.085,7.48,437.32,58.2922
AQ_0326,27.601375592443933,85.25311181929887,dug,urban,5.15,4.15,768.2,13.314,7.77,103.17,5.9904
AQ_0327,27.638121966614893,85.24615811433685,deep_tube,urban,108.19,1.81,469.6,11.578,6.24,236.64,7.4361
AQ_0328,27.68676878457105,85.24110138226972,deep_tube,urban,156.14,7.94,329.4,10.81,7.47,293.33,6.9934
AQ_0329,27.713321051781094,85.36425762455853,dug,peri‑urban,7.35,6.35,554.6,7.041,6.63,1721.24,166.4338
AQ_0330,27.796113645412145,85.25367397186584,dug,urban,8.45,7.45,538.0,12.621,6.33,398.32,8.4347
AQ_0331,27.76374804589681,85.44589180162842,shallow_tube,urban,11.38,8.98,299.4,14.866,7.44,72.5,3.4257
AQ_0332,27.764710445322365,85.4051740401917,deep_tube,urban,41.78,12.7,896.9,3.444,6.66,150.22,17.0496
AQ_0333,27.69333862417688,85.32053302472997,shallow_tube,peri‑urban,33.23,18.86,926.7,7.729,6.8,41.78,2.2404
AQ_0334,27.786510975683864,85.2296609414354,shallow_tube,urban,42.86,18.14,279.9,7.481,6.63,194.71,5.6376
AQ_0335,27.794230181473658,85.34054720276613,shallow_tube,urban,34.86,16.19,203.9,7.444,7.29,369.22,43.6629
AQ_0336,27.67093324099702,85.33766584486021,shallow_tube,agriculture,57.39,12.65,538.8,10.459,6.97,198.43,9.4623
AQ_0337,27.682634503441545,85.36895573127602,deep_tube,urban,122.22,16.43,172.4,3.813,7.36,191.55,27.8172
AQ_0338,27.683836575180425,85.24205091394163,shallow_tube,peri‑urban,42.3,22.13,404.0,3.928,7.31,435.13,13.0505
AQ_0339,27.680642126636766,85.38809947057595,shallow_tube,green,69.85,17.46,1248.8,7.614,7.32,204.92,6.9908
AQ_0340,27.768933181818046,85.30782542658525,shallow_tube,urban,50.98,13.51,632.5,6.0,6.22,280.43,9.1088
AQ_0341,27.665042239255243,85.20981735356041,shallow_tube,urban,62.61,10.15,999.3,5.491,7.14,397.56,9.8777
AQ_0342,27.653185690126424,85.44758307594842,dug,urban,8.22,7.22,981.5,13.558,7.42,99.48,6.623
AQ_0343,27.661443283404257,85.33661463543203,dug,urban,4.51,3.51,324.0,9.648,7.1,136.57,14.3589
AQ_0344,27.60331849612652,85.36542967066099,shallow_tube,urban,23.01,17.41,307.9,7.82,7.13,451.77,62.0739
AQ_0345,27.607878366738564,85.34348746651726,shallow_tube,peri‑urban,34.62,14.43,352.0,9.03,7.16,242.6,7.7074
AQ_0346,27.679536882886612,85.44345010333929,shallow_tube,urban,13.99,12.99,195.9,12.324,7.62,45.59,6.2659
AQ_0347,27.685224247590448,85.40809088491525,shallow_tube,green,31.14,19.59,624.2,8.006,7.14,122.02,6.0447
AQ_0348,27.77413769109149,85.22088122867001,shallow_tube,peri‑urban,50.16,9.57,396.9,5.238,6.68,67.79,2.35
AQ_0349,27.632273471677678,85.3429989695709,shallow_tube,green,49.13,20.0,354.6,5.832,6.62,61.56,1.7299
AQ_0350,27.61133608643317,85.20866817605652,shallow_tube,peri‑urban,63.52,8.98,577.7,2.886,6.7,136.94,5.8249
AQ_0351,27.64810631703603,85.36809596082293,shallow_tube,green,47.75,21.81,307.5,9.329,6.81,724.82,20.5872
AQ_0352,27.654128788396353,85.22030740870167,deep_tube,urban,180.26,22.81,835.8,5.671,7.06,58.01,1.7648
AQ_0353,27.6822380951739,85.30687161352257,dug,urban,10.14,1.82,308.2,14.43,7.31,695.45,17.3522
AQ_0354,27.603240079467895,85.40459510619489,shallow_tube,peri‑urban,49.95,9.93,603.0,4.326,7.65,358.68,18.305
AQ_0355,27.735296749904123,85.34856045682716,shallow_tube,urban,64.35,21.42,120.0,11.863,6.83,445.25,12.3148
AQ_0356,27.646666564529866,85.35633254248862,shallow_tube,peri‑urban,27.88,19.97,847.7,6.201,6.78,679.36,25.6037
AQ_0357,27.785771909969114,85.28299287618397,deep_tube,peri‑urban,134.16,14.84,351.3,4.035,7.24,201.0,8.3099
AQ_0358,27.709629040545604,85.24366179647409,shallow_tube,urban,55.11,6.22,455.2,13.135,6.37,583.15,12.6013
AQ_0359,27.681318107471895,85.23582036467566,dug,urban,5.01,4.01,1514.1,14.197,7.79,632.72,13.3017
AQ_0360,27.65916481949931,85.20027802354905,shallow_tube,urban,26.78,10.01,918.0,12.276,7.78,92.29,3.0718
AQ_0361,27.66854618508558,85.23364406677602,dug,green,8.69,7.69,344.0,6.026,7.01,311.95,62.3725
AQ_0362,27.742427409176123,85.28914904399656,deep_tube,peri‑urban,208.51,15.94,422.9,6.662,6.77,256.08,8.6224
AQ_0363,27.67599581579308,85.3517838202209,deep_tube,green,80.55,10.83,328.1,3.143,7.18,311.45,10.7642
AQ_0364,27.774723705747444,85.44889222512268,shallow_tube,urban,59.15,17.37,171.8,3.788,7.8,623.25,32.4849
AQ_0365,27.626641984827327,85.35809906411637,dug,peri‑urban,8.65,7.65,864.4,11.951,7.2,594.75,15.7086
AQ_0366,27.723834547073167,85.24665998494942,shallow_tube,peri‑urban,71.29,7.9,310.6,6.877,8.48,149.56,5.0937
AQ_0367,27.61720643140659,85.21425672850091,deep_tube,urban,159.81,8.67,135.3,8.963,8.19,246.14,15.0505
AQ_0368,27.66155418105863,85.35340947574736,shallow_tube,peri‑urban,63.85,19.02,1065.5,3.305,7.5,119.73,3.9857
AQ_0369,27.67172431639072,85.42783479751967,shallow_tube,urban,24.6,23.6,203.6,13.667,6.07,97.39,2.0693
AQ_0370,27.65017581997814,85.23011183499915,shallow_tube,urban,46.42,15.54,264.0,6.2,6.57,254.43,7.3503
AQ_0371,27.79954987780204,85.31293486899537,shallow_tube,agriculture,22.7,3.19,113.9,4.232,8.2,134.02,17.2599
AQ_0372,27.762744668744446,85.43512598821985,shallow_tube,peri‑urban,46.01,15.92,378.9,4.423,6.3,823.67,40.7477
AQ_0373,27.625364804510085,85.29793561264057,shallow_tube,green,47.59,9.9,1820.8,12.931,6.28,521.77,12.6841
AQ_0374,27.708055778637487,85.2198200711578,deep_tube,peri‑urban,193.08,15.97,132.6,2.592,7.16,235.32,9.6146
AQ_0375,27.719135964832308,85.22015385129241,shallow_tube,urban,58.04,17.22,387.4,5.657,7.45,394.36,22.5761
AQ_0376,27.788176033911842,85.23108646035772,shallow_tube,green,48.39,9.31,372.6,6.103,7.54,276.55,7.8452
AQ_0377,27.696255590243847,85.40241875906648,shallow_tube,peri‑urban,31.15,20.91,353.9,5.01,6.92,222.26,6.9508
AQ_0378,27.780480655222135,85.29580384148682,deep_tube,peri‑urban,135.33,4.85,502.5,8.625,7.77,159.81,5.334
AQ_0379,27.765186461710005,85.35786469814576,shallow_tube,urban,47.0,24.42,576.5,7.412,6.53,374.55,11.2971
AQ_0380,27.71432152989659,85.24620959948676,dug,urban,8.44,7.44,441.5,14.232,7.14,131.3,10.6303
AQ_0381,27.636891810211978,85.25057348728956,shallow_tube,peri‑urban,31.93,14.05,488.7,0.1,7.74,185.01,16.0326
AQ_0382,27.701139348756275,85.21551035423914,shallow_tube,urban,41.9,9.86,813.1,13.119,8.25,402.86,57.1319
AQ_0383,27.789194177969122,85.4105413441626,shallow_tube,green,33.18,13.47,375.2,5.374,6.38,275.1,13.0279
AQ_0384,27.797901066676864,85.37107856223133,shallow_tube,peri‑urban,54.67,0.5,896.9,11.213,6.0,193.0,31.7429
AQ_0385,27.667074321243494,85.24427056384933,dug,green,12.59,11.59,209.4,1.392,7.51,574.56,19.4032
AQ_0386,27.695017974573354,85.43060857091403,shallow_tube,urban,37.25,12.5,914.1,8.081,7.45,189.2,4.4647
AQ_0387,27.644931479528356,85.2998331450498,dug,peri‑urban,8.97,7.97,567.7,5.07,6.92,898.55,28.9611
AQ_0388,27.766522354665227,85.40104139124597,shallow_tube,urban,28.07,17.97,979.6,0.363,7.28,251.25,22.6658
AQ_0389,27.735091209067285,85.2990002415964,deep_tube,green,120.91,6.78,348.2,11.204,6.28,107.81,3.3989
AQ_0390,27.71511868572802,85.24036445851607,shallow_tube,urban,78.55,5.49,150.4,9.853,7.8,151.74,4.9956
AQ_0391,27.65223248650217,85.37373827983576,deep_tube,urban,218.82,17.19,647.0,9.4,6.64,242.94,14.495
AQ_0392,27.68381989458342,85.3498248217516,shallow_tube,peri‑urban,12.29,11.29,399.5,5.744,7.52,275.87,21.471
AQ_0393,27.69432989815012,85.22285549795428,shallow_tube,agriculture,52.79,29.84,600.1,1.95,7.31,590.47,13.0983
AQ_0394,27.719389044682636,85.40254027248993,deep_tube,urban,227.94,11.93,442.5,7.48,6.91,132.88,9.533
AQ_0395,27.649371405519148,85.27660386233777,shallow_tube,urban,71.87,24.32,1534.1,1.739,6.46,269.55,15.1879
AQ_0396,27.6800625672346,85.4029665310026,deep_tube,peri‑urban,203.42,19.23,2006.2,0.562,7.83,625.54,13.3297
AQ_0397,27.799389883482334,85.38003936523273,deep_tube,agriculture,182.47,12.45,329.6,6.353,6.96,186.57,4.2733
AQ_0398,27.700011651838217,85.36872330076355,shallow_tube,peri‑urban,51.73,9.46,231.7,10.299,7.48,290.47,15.5727
AQ_0399,27.756378182599377,85.3914646609712,shallow_tube,green,25.21,13.01,923.2,10.559,7.21,77.69,4.0785
AQ_0400,27.68549330563334,85.36130464396116,shallow_tube,agriculture,27.49,20.35,135.8,4.095,7.25,265.62,12.2629
AQ_0401,27.750255784874753,85.4242488223411,shallow_tube,urban,34.91,17.59,366.8,8.07,7.19,139.56,14.0893
AQ_0402,27.649707964185488,85.27923565544182,shallow_tube,green,43.88,16.49,691.9,7.993,6.92,350.73,9.7252
AQ_0403,27.789004812916115,85.3706351196918,shallow_tube,urban,40.11,0.5,447.6,13.798,7.39,320.98,28.7136
AQ_0404,27.790477350479744,85.28220565446216,shallow_tube,urban,58.05,20.43,708.6,4.38,7.71,502.36,14.1519
AQ_0405,27.65046294722703,85.4182607867538,shallow_tube,peri‑urban,36.94,27.65,312.9,8.991,7.29,668.36,49.4578
AQ_0406,27.74407679971729,85.32777840962238,shallow_tube,urban,27.1,26.1,521.5,9.68,7.81,582.52,27.3043
AQ_0407,27.775855911231403,85.38134290005871,dug,peri‑urban,7.34,6.34,420.9,8.719,6.74,127.99,2.7006
AQ_0408,27.659654490846826,85.39387632417976,shallow_tube,urban,24.66,12.88,406.7,9.086,6.48,87.25,4.2595
AQ_0409,27.704108767460973,85.31016622085608,shallow_tube,urban,40.23,22.33,180.4,9.987,7.11,229.61,6.5902
AQ_0410,27.719073274031377,85.30378641349819,shallow_tube,peri‑urban,60.99,12.33,571.7,6.789,6.6,39.19,2.3684
AQ_0411,27.750422866539395,85.32821868557632,deep_tube,urban,194.83,3.29,399.2,9.667,6.97,220.08,15.5082
AQ_0412,27.68373902866554,85.25490873214865,shallow_tube,agriculture,47.18,19.76,444.1,8.779,6.7,216.21,7.706
AQ_0413,27.669766381491726,85.2937062310875,deep_tube,urban,222.78,20.65,371.3,3.639,6.91,599.47,23.9902
AQ_0414,27.735117354713488,85.32722351751747,dug,peri‑urban,8.83,7.83,501.2,8.74,7.32,68.1,1.3717
AQ_0415,27.771506121550384,85.22434172344781,shallow_tube,agriculture,25.37,24.12,637.0,5.028,6.67,132.9,8.5683
AQ_0416,27.613637323953093,85.24678106760263,deep_tube,urban,61.45,18.3,111.0,1.315,6.16,233.37,23.7981
AQ_0417,27.79068057587642,85.21505673622508,shallow_tube,urban,24.16,7.59,210.0,8.051,6.75,322.84,39.4959
AQ_0418,27.781885900737176,85.24753219157968,shallow_tube,urban,42.72,24.12,602.9,4.607,7.98,264.11,5.6115
AQ_0419,27.7818404272413,85.40490621738691,shallow_tube,urban,37.53,16.48,199.6,3.838,7.67,41.88,3.4344
AQ_0420,27.7382493327572,85.24189163482613,shallow_tube,green,40.52,1.22,632.7,10.66,7.28,96.06,10.7507
AQ_0421,27.67547263535933,85.30337913257249,shallow_tube,peri‑urban,34.26,14.13,302.8,6.187,7.4,161.09,16.2872
AQ_0422,27.796251515478257,85.29540412477729,shallow_tube,agriculture,29.95,23.2,175.6,7.193,7.34,498.16,12.0409
AQ_0423,27.613807387382277,85.28369726047268,deep_tube,agriculture,201.8,5.04,202.8,3.807,7.82,338.75,15.2623
AQ_0424,27.6264537430197,85.24917204932821,shallow_tube,urban,28.28,7.83,915.8,15.315,6.96,383.13,14.6755
AQ_0425,27.760187744308286,85.24503966193316,shallow_tube,peri‑urban,59.44,7.25,309.7,7.595,6.9,82.66,9.5821
AQ_0426,27.62943265021899,85.27449430887397,deep_tube,urban,149.65,13.49,308.3,2.815,7.36,938.57,20.9494
AQ_0427,27.710798651100628,85.33363980478909,dug,peri‑urban,6.59,5.59,336.7,8.648,6.83,648.71,13.5591
AQ_0428,27.747585553799762,85.34935731064336,deep_tube,green,137.98,3.31,673.3,2.502,7.13,469.23,23.0058
AQ_0429,27.792310146427514,85.31121310820689,shallow_tube,urban,8.0,7.0,442.1,15.419,6.8,54.33,1.2582
AQ_0430,27.672651070335164,85.39848378336296,dug,peri‑urban,8.48,7.48,692.8,11.09,6.92,225.3,9.7596
AQ_0431,27.73475124595682,85.3125875964452,deep_tube,urban,112.9,24.04,180.7,6.464,7.35,914.56,64.4833
AQ_0432,27.658382234699562,85.38715217714547,shallow_tube,green,17.51,14.36,376.3,9.02,7.23,534.37,14.5099
AQ_0433,27.65043457549911,85.31168161717567,dug,peri‑urban,7.21,6.21,783.4,9.141,7.44,140.47,4.388
AQ_0434,27.746250117869476,85.39243665571428,shallow_tube,urban,40.9,17.72,959.2,1.344,7.7,161.06,5.0522
AQ_0435,27.67872710405549,85.31835891484376,dug,peri‑urban,6.76,5.76,582.8,7.194,6.6,204.42,5.5554
AQ_0436,27.70706955361233,85.35883083667709,shallow_tube,peri‑urban,31.29,10.72,374.8,7.08,7.41,505.57,20.5577
AQ_0437,27.790624022878827,85.37981130014396,dug,urban,8.15,7.15,261.3,10.266,8.21,702.03,56.2457
AQ_0438,27.675947480964332,85.35429855677924,deep_tube,peri‑urban,153.85,15.87,163.9,6.139,7.76,835.39,26.0156
AQ_0439,27.69795717359765,85.33216415099731,shallow_tube,green,43.64,0.5,589.1,4.284,7.14,129.11,3.729
AQ_0440,27.68754336498671,85.26918853298783,dug,urban,2.07,1.07,94.2,8.955,6.16,193.49,4.1679
AQ_0441,27.602400605454537,85.33820371892959,shallow_tube,urban,38.41,26.93,2132.4,7.314,6.0,151.04,18.0449
AQ_0442,27.621232070709496,85.40936812990469,dug,agriculture,5.85,4.85,1205.0,5.396,6.71,293.07,44.1318
AQ_0443,27.610548790432446,85.40854102705211,deep_tube,peri‑urban,208.88,13.51,277.8,0.258,7.17,160.74,5.1865
AQ_0444,27.71418141075043,85.28310667304359,dug,urban,5.96,4.96,231.5,12.885,8.0,474.93,26.6301
AQ_0445,27.726154084034526,85.31391238735998,shallow_tube,peri‑urban,64.31,14.21,203.8,6.159,7.19,144.08,3.127
AQ_0446,27.72207260156363,85.33660176855304,shallow_tube,urban,28.44,6.39,457.7,11.506,7.89,67.7,7.8844
AQ_0447,27.73662285714461,85.4331416771765,shallow_tube,agriculture,24.7,16.44,1113.2,8.378,7.36,489.66,10.7698
AQ_0448,27.72470106224947,85.23282199300121,dug,urban,5.02,4.02,456.7,10.779,7.49,142.26,5.4016
AQ_0449,27.64515791043013,85.35415549454132,shallow_tube,urban,38.61,13.28,175.9,9.609,7.01,195.77,13.8268
AQ_0450,27.753812226631947,85.30637641481796,shallow_tube,peri‑urban,34.54,15.35,383.9,7.568,7.63,266.48,11.8653
AQ_0451,27.765913166285674,85.23342391359986,deep_tube,urban,158.35,17.92,591.4,4.478,6.74,94.3,2.581
AQ_0452,27.75306325990508,85.4323508709623,deep_tube,peri‑urban,179.77,10.87,364.7,5.217,6.45,134.07,7.1689
AQ_0453,27.79658937591094,85.36069435336998,shallow_tube,peri‑urban,58.18,11.55,837.0,5.343,7.77,134.23,5.9083
AQ_0454,27.72164227535329,85.31114337526736,shallow_tube,peri‑urban,27.39,20.25,361.3,6.41,6.97,108.81,4.7311
AQ_0455,27.611478368737657,85.34582681204606,dug,peri‑urban,13.05,12.05,1312.5,5.011,7.08,250.46,6.9326
AQ_0456,27.732268535788947,85.20960021933159,shallow_tube,green,42.31,14.7,419.1,1.41,7.51,927.18,22.6688
AQ_0457,27.772873253291195,85.31422201793431,shallow_tube,peri‑urban,8.0,7.0,234.0,7.645,7.7,210.14,14.8195
AQ_0458,27.76529292189844,85.33942217279636,shallow_tube,urban,12.07,11.07,892.3,6.231,7.05,205.28,11.1541
AQ_0459,27.756009617408008,85.31790659129882,shallow_tube,peri‑urban,31.04,11.59,551.9,6.191,7.2,319.59,24.4666
AQ_0460,27.778228018358703,85.3150888432837,shallow_tube,peri‑urban,25.42,21.88,373.5,4.706,6.99,237.69,5.9042
AQ_0461,27.60210264490833,85.39047247359437,shallow_tube,agriculture,37.6,21.56,121.0,14.859,7.75,71.45,1.5295
AQ_0462,27.79241169978827,85.32723976010551,shallow_tube,green,13.87,12.4,126.3,8.209,7.26,151.47,17.3793
AQ_0463,27.630904165998103,85.30989073544323,shallow_tube,urban,14.43,13.43,266.4,5.742,7.6,56.49,1.2298
AQ_0464,27.60123676452818,85.4026708925844,shallow_tube,peri‑urban,35.19,15.17,315.4,3.537,7.36,59.05,2.0362
AQ_0465,27.68112905188945,85.24229047346061,shallow_tube,urban,77.67,14.72,474.6,3.911,7.34,251.72,7.7427
AQ_0466,27.674194742518434,85.39303800690396,shallow_tube,peri‑urban,34.06,7.08,220.4,3.178,7.93,234.83,7.5895
AQ_0467,27.66841388693151,85.40249468592087,dug,urban,5.72,4.72,120.2,8.384,6.0,401.25,8.271
AQ_0468,27.714239836792583,85.41585789444734,shallow_tube,green,43.14,7.36,471.1,11.696,6.82,206.7,8.0727
AQ_0469,27.678895878167772,85.41676504559474,shallow_tube,green,51.39,12.96,383.6,8.086,8.18,310.55,17.9443
AQ_0470,27.747294634923815,85.21291433927867,deep_tube,urban,143.39,11.33,154.5,1.761,6.19,230.54,16.8876
AQ_0471,27.66189390981772,85.44372606820257,deep_tube,urban,83.95,0.5,489.9,6.346,7.78,544.54,16.8434
AQ_0472,27.61771566792733,85.3692180689569,deep_tube,peri‑urban,157.25,10.4,224.6,7.05,7.13,655.59,44.3223
AQ_0473,27.626755628998794,85.43832679189559,shallow_tube,urban,58.1,4.31,191.1,8.021,6.99,83.84,2.2858
AQ_0474,27.64349058644345,85.29166971992575,deep_tube,urban,164.68,14.53,180.4,2.322,7.97,256.63,5.8827
AQ_0475,27.7689728170821,85.28991889030577,deep_tube,agriculture,93.63,22.9,445.7,3.99,7.19,229.44,11.5751
AQ_0476,27.73867550770377,85.3915613681901,shallow_tube,green,54.06,10.88,288.7,3.271,7.54,99.34,3.0625
AQ_0477,27.78301969089801,85.23909053541122,deep_tube,agriculture,171.11,25.9,347.6,0.1,7.63,59.05,1.312
AQ_0478,27.713860996882442,85.35793060458165,shallow_tube,peri‑urban,30.19,15.19,387.0,1.805,7.21,85.3,4.3685
AQ_0479,27.651621528634685,85.3159963543601,dug,peri‑urban,9.21,8.21,468.9,8.068,6.99,313.89,9.2386
AQ_0480,27.76686495914988,85.34433835030492,shallow_tube,peri‑urban,31.05,29.69,276.9,8.292,7.14,131.3,7.2265
AQ_0481,27.709085590042342,85.2333540838808,shallow_tube,peri‑urban,54.92,19.52,76.0,11.66,7.64,333.76,7.8962
AQ_0482,27.72521094179616,85.21881967916292,deep_tube,green,119.63,12.17,247.4,0.702,7.27,399.29,9.3789
AQ_0483,27.74207030014247,85.22812578263166,dug,urban,5.29,4.29,150.4,14.972,7.36,219.16,35.8753
AQ_0484,27.739337797574642,85.38133159768397,dug,agriculture,9.46,8.46,216.1,9.297,6.93,236.07,11.0816
AQ_0485,27.76527806232011,85.3753747753663,shallow_tube,green,29.97,14.57,190.7,2.149,6.51,574.9,20.0737
AQ_0486,27.613211061564435,85.44314205891244,shallow_tube,urban,34.74,0.5,1043.4,8.63,6.75,101.01,9.4968
AQ_0487,27.731101994369222,85.20994928183391,deep_tube,green,200.07,16.85,366.2,7.902,6.8,235.02,6.6798
AQ_0488,27.76425188407457,85.26116376365118,shallow_tube,urban,57.6,13.09,315.1,9.253,7.09,642.02,31.4596
AQ_0489,27.709295272205075,85.22283831068088,dug,green,9.44,8.44,282.9,4.429,7.26,151.53,3.539
AQ_0490,27.60349964279748,85.21225116124282,shallow_tube,urban,59.01,17.02,177.9,3.982,7.57,765.35,24.5824
AQ_0491,27.748336825798365,85.36880770939051,dug,agriculture,6.26,5.26,725.3,11.067,6.63,362.88,37.2025
AQ_0492,27.76257019430735,85.34468911909,dug,urban,11.88,10.88,723.1,6.823,7.52,358.3,20.0438
AQ_0493,27.728089454798653,85.27854051595925,shallow_tube,peri‑urban,22.08,17.0,221.4,7.837,7.63,247.67,17.0485
AQ_0494,27.628848004223624,85.38974420796352,deep_tube,urban,194.06,15.01,527.6,2.127,6.91,173.22,4.8447
AQ_0495,27.718736923981748,85.38870686459059,shallow_tube,urban,32.38,1.98,469.6,7.801,7.63,52.3,3.1976
AQ_0496,27.783057988075857,85.26642139121657,shallow_tube,urban,50.36,16.86,633.9,8.176,6.74,155.85,8.3487
AQ_0497,27.618603481852535,85.23596699158584,shallow_tube,urban,37.33,8.61,298.6,9.901,6.96,590.48,17.1093
AQ_0498,27.707455134733607,85.36928106587064,deep_tube,urban,201.69,25.27,790.2,4.668,7.81,306.48,6.1761
AQ_0499,27.632723240827655,85.3729444097855,shallow_tube,urban,51.14,10.54,465.5,8.641,7.96,83.79,3.4401
AQ_0500,27.687553010997625,85.27759272227703,deep_tube,agriculture,168.51,19.09,372.8,4.828,7.41,207.81,6.2045
